codigo,nombre,marca,lineas
000212,ALVARIGUA CARAOTA NEGRA 900GR X 24UND,ALVARIGUA,2
000260,ALVARIGUA MAIZ P/ COTUFA 400GR X 24UND,ALVARIGUA,1
000261,ALVARIGUA LENTEJAS 400GR X 24UND,ALVARIGUA,1
000441,ALVARIGUA SARDINA EN ACEITE VEGETAL 170GR X 24UND,ALVARIGUA,4
000442,ALVARIGUA SARDINA EN SALSA DE TOMATE 170GR X 24UND,ALVARIGUA,7
000443,ALVARIGUA SARDINA EN SALSA PICANTE 170GR X 24UND,ALVARIGUA,1
00057,MAIZORITOS CRONCH FLAKES 300GR X 12UND,MAIZORITOS,2
000715,ALVARIGUA CARAOTAS ROJAS 400GR X 24UND,ALVARIGUA,2
002632,OSOLE ACEITUNAS VERDES DESHUESADAS VIDRIO 340GR X 12UND,OSOLE,1
00517,MAIZORITOS CEREAL AROS AVENA CANELA 200GR X 12UND,MAIZORITOS,1
00565,OVOMALTINA 300GR X 8UND,OVOMALTINA,1
006038,AMANECER CAFE MOLIDO GOURMET 500GR X 10UND,AMANECER,2
006041,AMANECER CAFE MOLIDO GOURMET 200GR X 24UND,AMANECER,1
006042,AMANECER CAFE MOLIDO GOURMET 100GR X 50UND,AMANECER,3
006058,DELLA NONNA CAFE MOLIDO GOURMET 100GR X 50UND,DELLA,1
006061,DELLA NONNA CAFE MOLIDO GOURMET 200GR X 24UND,DELLA,3
0100164,CRUSTISSIMO PANQUE CHOCOLATE ESTUCHE 600GR X 6DISP X 12UND,CRUSTISSIMO,1
010180E,SANTONI ARROZ EXCELENTE TIPO I 900GR X 24UND,SANTONI,1
010180I,SANTONI ARROZ PREMIUM 900GR X 24UND,SANTONI,7
013329,"M&M´S PLAIN MILK 47,9GR DISP X 36PAQ",M,2
015024,SNICKER MINIS BOLSA 125GR X 12 BOLSAS X 15UND,SNICKER,2
01522,ALFONZO RIVAS MAIZINA AMERICANA 90GR X 50UND,ALFONZO,1
020108,CARABOBO SODA 240GR X 24UND,CARABOBO,3
020118,CARABOBO SODA 240GR X 12PAQ,CARABOBO,17
02040012,FRESCA TOALLAS SANITARIAS ULTRADELGADA DIA 48PAQ X 8UND,FRESCA,1
02040013,FRESCA TOALLAS SANITARIAS ULTRADELGADA NOCHE 48PAQ X 7UND,FRESCA,1
030083,REXONA DESODORANTE BARRA MEN V8 50GR X 12UND,REXONA,1
03045028,VALE AROMATIZANTE DE AMBIENTES OCEANO 300ML X 12UND,VALE,1
03045029,VALE AROMATIZANTE DE AMBIENTES PRIMAVERA 300ML X 12UND,VALE,1
031120,FAVORITO CAFE MOLIDO GOURMET 200GR X 24UND,FAVORITO,1
031557,AMANECER CARAOTAS NEGRAS 400GR X 20UND,AMANECER,2
0400025,LASSIE AVENA EN HOJUELAS BOLSA 800GR X 12UND,LASSIE,2
0400026,LASSIE AVENA EN HOJUELAS BOLSA 400GR X 24UND,LASSIE,3
0400069,LA COMADRE ADOBO ENVASE 200GR X 24UND,LA,14
0400793,LA COMADRE COMINO MOLIDO 44GR X 12UND,LA,2
0401896,MONICA ARROZ TIPO I 900GR X 24UND,MONICA,17
0401934,JUANA MEZCLA PARA CACHAPAS 400GR X 12UND,JUANA,11
0401947,ROBIN HOOD HARINA DE TRIGO TODO USO 900GR X 20UND,ROBIN,11
0401952,ROBIN HOOD HARINA DE TRIGO LEUDANTE 900GR X 20UND,ROBIN,23
0401953,JUANA HARINA CLASICA 900GR X 20UND,JUANA,17
0401981,JUANA MARGARINA TODO USO 454GR X 12UND,JUANA,7
0401982,LA COMADRE ACEITE VEGETAL 828ML X 12UND,LA,14
0402014,ROBIN HOOD AVENA EN HOJUELAS 400GR X 24UND,ROBIN,3
0402015,ROBIN HOOD AVENA EN HOJUELAS 800GR X 12UND,ROBIN,2
04060012,DALAN JABON EN BARRA SPRING FRESH 115GR X 3 X 24UND,DALAN,2
04122,FLIPS CHOCOLATE 220GR X 24UND,FLIPS,2
0420000041,ORIENTAL ACEITE SOYA 500ML X 12UND,ORIENTAL,2
0420000052,ORIENTAL ACEITE SOYA 900ML X 12UND,ORIENTAL,1
0420000079,ORIENTAL ACEITE SOYA 700ML X 12UND,ORIENTAL,3
0420009,ORIENTAL ACEITE SOYA 828ML X 12UND,ORIENTAL,6
04380012,DALAN JABON EN BARRA MICELAR PASSION DE PAPAYA 125GR X 3 X 24UND,DALAN,5
04380016,DALAN JABON EN BARRA MICELAR GRANADA DULCE 125GR X 3 X 24UND,DALAN,4
04380017,DALAN JABON EN BARRA MICELAR PEPINO FRESCO 125GR X 3 X 24UND,DALAN,2
04380056,ADI JABON EN BARRA ALOE VERA 75GR X 72UND,ADI,3
04380057,ADI JABON EN BARRA MANANTIAL DE FRESCURA 75GR X 72UND,ADI,2
04380058,ADI JABON EN BARRA BRISAS DE PRIMAVERA 75GR X 72UND,ADI,2
05129,FLIPS DULCE DE LECHE 220GR X 24UND,FLIPS,1
05728,FLIPS CHOCOLATE LONCHERA 28GR X 24DISP X 6UND,FLIPS,1
05729,FLIPS DULCE DE LECHE LONCHERA 28GR X 24DISP X 6UND,FLIPS,3
06109,PLAY GOMITAS GUSANOS WORMS 55GR X 24UND,PLAY,82
06114,PLAY GOMITAS CORAZONES 55GR X 24UND,PLAY,83
06367,MECHAS LOCAS CARAMELO BLANDO FRUTAL 335GR X 10 DISP X 6UND,MECHAS,15
06553,PLAY GOMITAS BANANA 55GR X 24UND,PLAY,105
06564,PLAY GOMITAS TIBURONES 55GR X 24UND,PLAY,90
06710,MIST CARAMELO MENTOLADO SURTIDO 350GR X 18 BOLSAS X 100UND,MIST,16
06964,PLAY GOMITAS ANILLOS 55GR X 24UND,PLAY,97
07511,ALDOR CARAMELO DURO SABOR A TAMARINDO 400GR X 16 PAQ X 100UND,ALDOR,15
07679,PLAY GOMITAS RANAS 55GR X 24UND,PLAY,59
07680,PLAY GOMITAS DELFINES 55GR X 24UND,PLAY,87
07681,PLAY GOMITAS COCODRILO 55GR X 24UND,PLAY,60
07682,PLAY GOMITAS OSOS 55GR X 24UND,PLAY,41
07862,PIN POP BUMBA GIGANTE CHUPETA SURTIDA 552GR X 16 BOLSAS X 24UND,PIN,8
07909,FRUNAS CARAMELO BLANDO SABOR A FRUTA 416GR X 18 BOLSAS X 26UND,FRUNAS,12
07948,PIN POP BUMBA MEGA CHICLE SURTIDO 500GR X 16 BOLSAS X 100UND,PIN,9
07953,PIN POP CHUPETA FRESA XXXL 480GR X 16 BOLSAS X 24UND,PIN,10
07954,PIN POP CHUPETA SANDIA XXXL 480GR X 16 BOLSAS X 24UND,PIN,8
07955,PIN POP CHUPETA BLACK CHERRY XXXL 480GR X 16 BOLSAS X 24UND,PIN,7
07966,PIN POP CHUPETA SURTIDA XXXL 480GR X 16 BOLSAS X 24UND,PIN,4
08060,ALDOR CARAMELO SUPER FRUTY SURTIDO 400GR X 16 BOLSAS X 100UND,ALDOR,7
08197,FRUNAS GOMAS GELATINA FRAMBUESA Y UVA VERDE 100GR X 24UND,FRUNAS,11
08198,FRUNAS GOMAS GELATINA FRESA Y MANDARINA 100GR X 24UND,FRUNAS,11
1000000,MAS LIMPIADOR DE POCETAS 1L X 12UND,MAS,4
1000001,MAS LIMPIADOR DE POCETAS 710ML X 12UND,MAS,9
1000002,MAS LIMPIADOR DE POCETAS 360ML X 24UND,MAS,24
1000006,MAS LIMPIADOR DE HORNO 260ML X 24UND,MAS,1
10001,LAVAN SAN LEJIA HOGAR 1L X 12UND,LAVAN SAN,9
10002,LAVAN SAN LEJIA ROPA 1L X 12UND,LAVAN SAN,5
100039,SEDAL CREMA PARA PEINAR CERAMIDAS 300ML X 12UND,SEDAL,1
100041,SEDAL CREMA PARA PEINAR RIZOS DEFINIDOS 300ML X 12UND,SEDAL,1
100070,RED BULL BEBIDA ENERGETICA 250ML X 24UND,RED,2
10043,KELLOGGS CORN FLAKES 230GR X 24UND,KELLOGGS,31
10045,KELLOGGS ZUCARITAS 250GR X 24UND,KELLOGGS,18
10059,KELLOGGS CHOCO KRISPIS 200GR X 24UND,KELLOGGS,5
10067,KELLOGGS CHOCOZUCARITAS 250GR X 24UND,KELLOGGS,5
1010001,LAVAN SAN BLANQUEADOR PARA ROPA 1L X 12UND,LAVAN SAN,7
10144825,"M&M´S PEANUTS BUTTER 46,20GR DISP X 24UND",M,2
1015931,"YUKERY NARANJA 1,5L X 6UND",YUKERY,1
1020002,LAVAN SAN BLANQUEADOR PARA ROPA 500ML X 16UND,LAVAN SAN,1
1046780,CHOCOLISTO BOLSA 100GR X 40UND,CHOCOLISTO,1
1068978,FESTIVAL GALLETAS CHOCOLATE 403GR 24DISP X 12PAQ X 4UND,FESTIVAL,2
1068981,FESTIVAL GALLETAS VAINILLA 403GR 24DISP X 12PAQ X 4UND,FESTIVAL,1
1076593,CHOCOLISTO 15GR X 24RISTRAS X 12UND,CHOCOLISTO,1
1076914,FESTIVAL GALLETAS FRESA 201GR 36DISP X 6PAQ X 4UND,FESTIVAL,1
1076919,SALTIN GALLETAS QUESO Y MANTEQUILLA 133GR 48PAQ X 1TACO,SALTIN,1
1079680,CHOCOLISTO BOLSA 200GR X 24UND,CHOCOLISTO,3
11003,ALVARIGUA CARAOTA NEGRA 400GR X 24UND,ALVARIGUA,1
1103002,IBERIA AJO PURO EN POLVO ENVASE 90GR X 12UND,IBERIA,1
1103039,IBERIA ONOTO MOLIDO ENVASE 90GR X 12UND,IBERIA,2
1103046,IBERIA COMINO MOLIDO ENVASE 65GR X 12UND,IBERIA,1
1103055,IBERIA CURRY EN POLVO ENVASE 70GR X 12UND,IBERIA,1
1103098,IBERIA PIMENTON ESPAÑOL ENVASE 60GR X 12UND,IBERIA,1
1103105,IBERIA PIMIENTA BLANCA MOLIDA ENVASE 65GR X 12UND,IBERIA,2
1103115,IBERIA PIMIENTA NEGRA MOLIDA ENVASE 65GR X 12UND,IBERIA,1
1104161,IBERIA SALSA DE AJI PICANTE PIRIPIRI 150CC X 24UND,IBERIA,2
1104163,IBERIA SALSA INGLESA 150CC X 24UND,IBERIA,23
1104465,IBERIA SALSA DE SOYA 150CC X 24UND,IBERIA,25
1104467,IBERIA SALSA DE AJO 150CC X 24UND,IBERIA,22
1104473,IBERIA SALSA CONDIMENTADA 150CC X 24UND,IBERIA,1
1105163,IBERIA SALSA INGLESA 300CC X 12UND,IBERIA,5
1105465,IBERIA SALSA DE SOYA 300CC X 12UND,IBERIA,8
1105467,IBERIA SALSA DE AJO 300CC X 12UND,IBERIA,13
11060,PLUMROSE JAMON ENDIABLADO ALUMINIO 60GR X 3 DISP X 12UND,PLUMROSE,15
11061,PLUMROSE JAMON ENDIABLADO ALUMINIO 110GR X 3 DISP X 12UND,PLUMROSE,8
1106125,IBERIA ADOBO COMPLETO ENVASE 185GR X 24UND,IBERIA,12
1106127,IBERIA SABROSEADOR ENVASE 180GR X 24UND,IBERIA,13
1106601,IBERIA MOSTAZA PREPARADA 185GR X 24UND,IBERIA,1
1106624,IBERIA SALSA NAPOLITANA 190GR X 24UND,IBERIA,2
1107640,IBERIA MAYONESA 445GR X 12UND,IBERIA,1
11090,PLUMROSE JAMON ENDIABLADO 55GR X 24UND,PLUMROSE,1
1114601,IBERIA MOSTAZA PREPARADA 250GR X 24UND,IBERIA,2
1130002,IBERIA AJO PURO EN POLVO SOBRE 6GR X 6DISP X 24UND,IBERIA,10
1130046,IBERIA COMINO MOLIDO SOBRE 6GR X 6DISP X 24UND,IBERIA,18
1130115,IBERIA PIMIENTA NEGRA MOLIDA SOBRE 3GR X 6 DISP X 24UND,IBERIA,13
1130125,IBERIA ADOBO COMPLETO SOBRE 15GR X 6DISP X 24UND,IBERIA,14
1130239,IBERIA ONOTO MOLIDO SOBRE 6GR X 6DISP X 24UND,IBERIA,15
1161002,IBERIA AJO PURO EN POLVO 30GR X 2DISP X 12UND,IBERIA,13
1161039,IBERIA ONOTO MOLIDO SOBRE 25GR X 2 DISP X 12UND,IBERIA,19
1161046,IBERIA COMINO MOLIDO SOBRE 20GR X 2 DISP X 12UND,IBERIA,26
1161055,IBERIA CURRY EN POLVO SOBRE 20GR X 2DISP X 12UND,IBERIA,14
1161089,IBERIA ONOTO ENTERO SOBRE 20GR X 2 DISP X 12UND,IBERIA,7
1161091,IBERIA OREGANO ENTERO SOBRE 5GR X 2 DISP X 12UND,IBERIA,16
1161115,IBERIA PIMIENTA NEGRA MOLIDA SOBRE 20GR X 2 DISP X 12UND,IBERIA,19
1161125,IBERIA ADOBO COMPLETO SOBRE 40GR X 2 DISP X 12UND,IBERIA,9
1161127,IBERIA SABROSEADOR SOBRE 30GR X 2 DISP X 12UND,IBERIA,22
1161152,IBERIA AJILLO MIX 30GR X 2 DISP X 12UND,IBERIA,5
1162525,IBERIA SOPA DE POLLO CON FIDEOS 60GR X 6 DISP X 12UND,IBERIA,1
1165535,IBERIA BASE PARA CARNE MECHADA 50GR X 2 DISP X 12UND,IBERIA,1
1171400,IBERIA CUBITO DE POLLO 96GR X 30CAJAS X 8UND,IBERIA,1
1171401,IBERIA CUBITO DE CARNE 96GR X 30CAJAS X 8UND,IBERIA,3
1171402,IBERIA CUBITO DE GALLINA 96GR X 30CAJAS X 8UND,IBERIA,1
1173400,IBERIA CUBITO DE POLLO 144GR X 20CAJAS X 12UND,IBERIA,3
1178605,IBERIA SALSA DE TOMATE KETCHUP CLASE A 397GR X 24UND,IBERIA,1
1184000,IBERIA COMBO SALSAS (AJO-SOYA-INGLESA) 150CC X 8 DISP X 3UND,IBERIA,13
1185000,IBERIA COMBO SALSAS (AJO-SOYA-INGLESA) 300CC X 4 DISP X 3UND,IBERIA,2
120307,AXE BODY SPRAY DARK TEMPTATION 150ML X 12UND,AXE,1
120310,AXE BODY SPRAY APOLLO 150ML X 12UND,AXE,1
120313,AXE BODY SPRAY BLACK 150ML X 12UND,AXE,1
1204190,OLYMPIA VAINILLA 150CC X 24UND,OLYMPIA,14
1211067,OLYMPIA BICARBONATO DE SODIO ENVASE 155GR X 24UND,OLYMPIA,19
1211392,OLYMPIA POLVO PARA HORNEAR 120GR X 24UND,OLYMPIA,15
12225023,PREMIO DETERGENTE EN POLVO LIMON 400GR X 50UND,PREMIO,2
12225024,PREMIO DETERGENTE EN POLVO LIMON 800GR X 25UND,PREMIO,1
12260020,PREMIO CLORO 1L X 12UND,PREMIO,2
12260066,PREMIO DESINFECTANTE BRISAS DE LAVANDA 1L X 12UND,PREMIO,1
12260067,PREMIO DESINFECTANTE FRUTOS FRESCOS 1L X 12UND,PREMIO,1
12380316,NESTLE CARNATION LECHE EVAPORADA LATA 395GR X 48UND,NESTLE,2
1239080,OLYMPIA TE DE MANZANILLA 11GR X 24DISP X 10UND,OLYMPIA,10
1239125,OLYMPIA TE DE MORINGA 12GR X 24 DISP X 10UND,OLYMPIA,1
1239189,OLYMPIA TE VERDE CON MENTA 15GR X 24DISP X 10UND,OLYMPIA,2
1240188,OLYMPIA TE VERDE 15GR X 12 DISP X 10UND,OLYMPIA,3
12408798,MAGGI SOPA DE POLLO CON FIDEOS 62GR X 6DISP X 12 UND,MAGGI,3
1241080,OLYMPIA TE DE MANZANILLA 22GR X 24DISP X 20UND,OLYMPIA,3
1242080,OLYMPIA TE DE MANZANILLA 22GR X 12DISP X 20UND,OLYMPIA,1
12498842,MAGGI CUBITO DE POLLO 2.8 KG X 4 DISP X 250UND,MAGGI,1
1261067,OLYMPIA BICARBONATO DE SODIO SOBRE 30GR X 2DISP X 12UND,OLYMPIA,3
13001,MUNCHY CHISKESITOS TOCINETA XXL 450GR X 10UND,MUNCHY,7
130059,DOVE DESODORANTE AEROSOL DERMO ACLARANT 150ML X 12UND,DOVE,1
130065,DOVE DESODORANTE AEROSOL ORGINAL 150ML X 12UND,DOVE,2
130070,REXONA DESODORANTE AEROSOL WOMEN BAMBOO 150ML X 12UND,REXONA,2
130081,REXONA DESODORANTE AEROSOL MEN V8 89ML X 12UND,REXONA,2
13010,MUNCHY CHYPS TOSTON CON AJO 110GR X 20UND,MUNCHY,4
130199,REXONA DESODORANTE AEROSOL PERFECT TONE 150ML X 12UND,REXONA,1
130410,REXONA DESODORANTE AEROSOL WOMEN ANTIBAC/INVISIBLE 150ML X 12UND,REXONA,1
130413,REXONA DESODORANTE AEROSOL MEN ACTIVE EMOTION 150ML X 12UND,REXONA,2
130617,REXONA DESODORANTE AEROSOL MEN CLINICAL 91GR X 12UND,REXONA,1
130672,AXE DESODORANTE AEROSOL BLACK 152ML X 12UND,AXE,2
130699,AXE DESODORANTE AEROSOL APOLLO 152ML X 12UND,AXE,1
130700,AXE DESODORANTE AEROSOL DARK TEMPTATION 152ML X 12UND,AXE,1
13250009,PREMIO LAVAPLATOS EN CREMA LIMON 250GR X 36UND,PREMIO,1
13250013,PREMIO LAVAPLATOS EN CREMA 180GR X 48UND,PREMIO,1
13409,MAIZORITOS FRUTY AROS 20GR X 24DISP X 6UND,MAIZORITOS,1
13410,MAIZORITOS CHOCOSAFARI LONCHERA 25GR X 24DISP X 6UND,MAIZORITOS,1
140066,DOVE DESODORANTE ROLL ON ORIGINAL 50ML X 12UND,DOVE,1
140320,REXONA DESODORANTE ROLL ON XTRA COOL 50ML X 12UND,REXONA,1
1404702,REZEPT SALSA GUASACACA 155GR X 24UND,REZEPT,3
1404703,REZEPT SALSA GUASACACA PICANTE 155GR X 24UND,REZEPT,8
15006,HEINZ KETCHUP PET 397GR X 16UND,HEINZ,26
15010501,VALE LAVAPLATOS LIQUIDO LIMON 500ML X 24UND,VALE,6
15010502,VALE LAVAPLATOS LIQUIDO MAXIMO PODER 500ML X 24UND,VALE,5
15010505,PREMIO LAVAPLATOS LIQUIDO 540ML X 24UND,PREMIO,5
15149,HEINZ COLADO BANANA 113GR X 24UND,HEINZ,2
15152,HEINZ COLADO FRUTAS MIXTAS 113GR X 24UND,HEINZ,12
15154,HEINZ COLADO POSTRE DE FRUTAS 113GR X 24UND,HEINZ,1
15156,HEINZ COLADO MANZANA 113GR X 24UND,HEINZ,25
15157,HEINZ COLADO PERA 113GR X 24UND,HEINZ,7
15196,HEINZ KETCHUP 198GR X 24UND,HEINZ,24
15197,HEINZ KETCHUP 397GR X 24UND,HEINZ,52
15203,HEINZ KETCHUP TQF 198GR X 24UND,HEINZ,43
15216,HEINZ KETCHUP INSTITUCIONAL 397GR X 24UND,HEINZ,1
15217,HEINZ PURE DE TOMATE 490GR X 12UND,HEINZ,1
15218,HEINZ PURE DE TOMATE 190GR X 24UND,HEINZ,4
15219,HEINZ PASTA DE TOMATE 200GR X 24UND,HEINZ,14
15220,HEINZ PASTA DE TOMATE 511GR X 12UND,HEINZ,9
15228,HEINZ KETCHUP TQF 397GR X 24UND,HEINZ,52
15229,HEINZ PASTA DE TOMATE TQF 200GR X 24UND,HEINZ,14
15230,HEINZ PASTA DE TOMATE TQF 505GR X 12UND,HEINZ,11
15231,HEINZ PASTA DE AJO 195GR X 24UND,HEINZ,2
15239,HEINZ SALSA BOLOGNESA VIDRIO 195GR X 24UND,HEINZ,2
15240,HEINZ SALSA BOLOGNESA VIDRIO 495GR X 12UND,HEINZ,1
15243,HEINZ SALSA COMPLETA VIDRIO 195GR X 24UND,HEINZ,1
15245,HEINZ SALSA NAPOLITANA VIDRIO 195GR X 24UND,HEINZ,3
15249,HEINZ SALSA PARA PIZZA TRADICIONAL 480GR X 12UND,HEINZ,2
15258,HEINZ MOSTAZA 195GR X 24UND,HEINZ,19
15260,HEINZ MOSTAZA VIDRIO 490GR X 12UND,HEINZ,7
15266,HEINZ SALSA 57 194GR X 24UND,HEINZ,1
15267,HEINZ SALSA 57 378GR X 24UND,HEINZ,2
15271,HEINZ SALSA DE SOYA 150CC X 24UND,HEINZ,1
15272,HEINZ SALSA DE SOYA 300CC X 24UND,HEINZ,1
15282,HEINZ SALSA INGLESA 300CC X 24UND,HEINZ,1
15289,HEINZ VINAGRE BLANCO 500CC X 24UND,HEINZ,14
15290,HEINZ VINAGRE BLANCO 1000CC X 12UND,HEINZ,16
15292,HEINZ VINAGRE TQF 500CC X 24UND,HEINZ,18
15293,HEINZ VINAGRE TQF 1000CC X 12UND,HEINZ,10
15295,HEINZ SALSA DE AJO 150CC X 24UND,HEINZ,3
15296,HEINZ SALSA DE AJO 300CC X 24UND,HEINZ,2
15298,HEINZ SALSA DE AJO TQF 150CC X 24UND,HEINZ,2
15320,SONRISSA GELATINA PIÑA 132GR X 48UND,SONRISSA,2
15322,SONRISSA GELATINA LIMON 132GR X 48UND,SONRISSA,2
15326,SONRISSA GELATINA UVA 132GR X 48UND,SONRISSA,2
15329,SONRISSA GELATINA FRESA 66GR X 48UND,SONRISSA,41
15336,SONRISSA GELATINA UVA 66GR X 48UND,SONRISSA,19
15338,HEINZ GELATINA SIN SABOR 33GR X 48UND,HEINZ,11
15339,SONRISSA GELATINA CEREZA 66GR X 48UND,SONRISSA,23
15340,SONRISSA GELATINA FRAMBUESA 66GR X 48UND,SONRISSA,27
15348,SONRISSA PUDIN VAINILLA 58GR X 48UND,SONRISSA,7
15352,SONRISSA PUDIN CHOCOLATE 72GR X 48UND,SONRISSA,4
15353,SONRISSA FLAN 46GR X 48UND,SONRISSA,5
15355,SONRISSA FLAN 92GR X 48UND,SONRISSA,2
15380,POLLY CREMA DE ARROZ ENRIQ 450GR X 12UND,POLLY,5
15430,HEINZ SALSA TERIYAKI 150CC X 24UND,HEINZ,2
15645,HEINZ COLADO POUCH FRUTAS MIXTAS 113GR X 24UND,HEINZ,13
15647,HEINZ COLADO POUCH BANANA 113GR X 24UND,HEINZ,6
15671,HEINZ COLADO POUCH FRUTAS TROPICALES 113GR X 24UND,HEINZ,6
15672,HEINZ COLADO POUCH MELOCOTON 113GR X 24UND,HEINZ,9
15673,HEINZ COLADO POUCH POSTRE DE FRUTAS 113GR X 24UND,HEINZ,11
15678,HEINZ COLADO POUCH PERA 113GR X 24UND,HEINZ,26
15679,HEINZ COLADO POUCH MANZANA 113GR X 24UND,HEINZ,37
15736,HEINZ PASSATA DE TOMATE 480GR X 12UND,HEINZ,3
15740,SONRISSA GELATINA TUTTI FRUTTI 66GR X 48UND,SONRISSA,7
15752,SONRISSA GELATINA PIÑA 66GR X 48UND,SONRISSA,11
15760,HEINZ COLADO PERA 186GR X 24UND,HEINZ,55
15761,HEINZ COLADO MANZANA 186GR X 24UND,HEINZ,74
15762,HEINZ COLADO MELOCOTON 186GR X 24UND,HEINZ,14
15764,HEINZ COLADO BANANA 186GR X 24UND,HEINZ,14
15765,HEINZ COLADO FRUTAS MIXTAS 186GR X 24UND,HEINZ,22
15766,HEINZ COLADO FRUTAS TROPICALES 186GR X 24UND,HEINZ,13
15768,HEINZ COLADO POSTRE DE FRUTAS 186GR X 24UND,HEINZ,10
15769,HEINZ COLADO CIRUELAS PASAS 186GR X 24UND,HEINZ,7
15770,SONRISSA GELATINA LIMON 66GR X 48UND,SONRISSA,8
15771,HEINZ VINAGRE AROMATIZADO MANZANA 500CC X 24UND,HEINZ,37
15772,SONRISSA GELATINA CEREZA 132GR X 4 DISP X 12UND,SONRISSA,2
15773,SONRISSA GELATINA FRESA 132GR X 4 DISP X 12UND,SONRISSA,2
15774,SONRISSA GELATINA FRAMBUESA 132GR X 4 DISP X 12UND,SONRISSA,3
15775,HEINZ KETCHUP S/ AZUCAR 367GR X 24UND,HEINZ,15
15776,HEINZ VINAGRE BLANCO GALON 3.7 LT X 4UND,HEINZ,1
15885,HEINZ COMBO SALSAS (AJO-SOYA-INGLESA) 150CC X 8 DISP X 3UND,HEINZ,4
15895,HEINZ COMBO SALSAS TQF (AJO-SOYA-INGLESA) 150CC X 8 DISP X 3UND,HEINZ,1
15897,POLLY COLADO MANZANA 113GR X 24UND,POLLY,1
15904,HEINZ KETCHUP 567GR X 12UND,HEINZ,20
15908,POLLY COLADO POUCH BANANA 100GR X 24UND,POLLY,1
15909,POLLY COLADO POUCH PERA 100GR X 24UND,POLLY,14
15910,POLLY COLADO POUCH MANZANA 100GR X 24UND,POLLY,18
15911,POLLY COLADO POUCH MELOCOTON 100GR X 24UND,POLLY,8
15912,POLLY COLADO POUCH FRUTAS MIXTAS 100GR X 24UND,POLLY,7
15913,POLLY COLADO BANANA 113GR X 24UND,POLLY,1
15914,HEINZ MOSTAZA PICANTE VIDRIO 198GR X 24UND,HEINZ,1
15926,HEINZ VINAGRE AROMATIZADO MANZANA 990 ML X 12UND,HEINZ,6
16111541,EUPHORIA BEBIDA ENERGETICA 250ML X 24UND,EUPHORIA,2
16203,EVERY NIGHT BIO LOCION CORPORAL COCO Y AVENA 365ML X 12UND,EVERY,1
16211,EVERY NIGHT BIO LOCION CORPORAL CACAO Y FRUTOS ROJOS 365ML X 12UND,EVERY,1
16240,EVERY NIGHT JABON BARRA EXPLOSION TROPICAL 110GR X 36UND,EVERY,3
16241,EVERY NIGHT JABON BARRA AVENA 110GR X 36UND,EVERY,1
16242,EVERY NIGHT JABON BARRA MANZANA 110GR X 36UND,EVERY,1
16243,EVERY NIGHT JABON BARRA COCO 110GR X 36UND,EVERY,2
16244,EVERY NIGHT JABON BARRA MANDARINA 110GR X 36UND,EVERY,3
16264,EVERY NIGHT JABON BARRA AVENA 110GR X 3 X 24 UND,EVERY,1
16265,EVERY NIGHT JABON BARRA MANZANA 110GR X 3 X 24UND,EVERY,2
16275,EVERY NIGHT DESODORANTE ROLL ON FRESH GREEN APPLE 90GR X 12UND,EVERY,4
16276,EVERY NIGHT DESODORANTE ROLL ON HAPPY COCONUT 90GR X 12UND,EVERY,3
16277,EVERY NIGHT DESODORANTE ROLL ON PURE VAINILLA ROSE 90GR X 12UND,EVERY,3
16280,EVERY NIGHT DESODORANTE ROLL ON BABY PINK 90GR X 12UND,EVERY,13
16281,EVERY NIGHT DESODORANTE ROLL ON NATURELLE 90GR X 12UND,EVERY,9
16282,EVERY NIGHT DESODORANTE ROLL ON SPRING 90GR X 12UND,EVERY,8
16283,EVERY NIGHT DESODORANTE ROLL ON POWDER 90GR X 12UND,EVERY,8
16284,EVERY NIGHT DESODORANTE ROLL ON COLONIA 90GR X 12UND,EVERY,7
16341,EVERY NIGHT SHAMPOO NIÑOS MANZANILLA 350ML X 12UND,EVERY,1
16434,EVERY NIGHT BIO SHAMPOO TE VERDE Y ALOE VERA 365ML X 12UND,EVERY,1
16436,EVERY NIGHT BIO SHAMPOO DE COCO 365ML X 12UND,EVERY,2
16438,EVERY NIGHT BIO SHAMPOO CACAO Y FRUTOS ROJOS 365ML X 12UND,EVERY,1
16439,EVERY NIGHT BIO SHAMPOO CERELEALES MULTIACTIVOS 210ML X 12UND,EVERY,4
16470,EVERY NIGHT BIO CREMA P/PEINAR TE VERDE Y ALOE VERA 300ML X 12UND,EVERY,5
16471,EVERY NIGHT BIO CREMA P/PEINAR COCO 300ML X 12UND,EVERY,4
16472,EVERY NIGHT BIO CREMA P/PEINAR CACAO/FRUTOS ROJOS 300ML X 12UND,EVERY,6
16473,EVERY NIGHT BIO CREMA P/PEINAR CERELEALES MULTIACTIVOS 300ML X 12UND,EVERY,4
16480,EVERY NIGHT BIO TRATAMIENTO CAPILAR COCO 350GR X 12UND,EVERY,1
16482,EVERY NIGHT BIO TRATAMIENTO CAPILAR CEREALES MULTIACTIVOS 350GR X 12UND,EVERY,1
16817,EVERY NIGHT GEL FIJADOR WINNER 100GR X 24UND,EVERY,10
16818,EVERY NIGHT GEL FIJADOR FRESH 100GR X 24UND,EVERY,6
16819,EVERY NIGHT GEL FIJADOR STRONG 100GR X 24UND,EVERY,3
16820,EVERY NIGHT GEL FIJADOR POWER 100GR X 24UND,EVERY,8
16821,EVERY NIGHT GEL FIJADOR WINNER 250GR X 12UND,EVERY,8
16822,EVERY NIGHT GEL FIJADOR FRESH 250GR X 12UND,EVERY,5
16823,EVERY NIGHT GEL FIJADOR STRONG 250GR X 12UND,EVERY,3
16824,EVERY NIGHT GEL FIJADOR POWER 250GR X 12UND,EVERY,4
16825,EVERY NIGHT GEL FIJADOR WINNER 500GR X 12UND,EVERY,2
16826,EVERY NIGHT GEL FIJADOR FRESH 500GR X 12UND,EVERY,1
16827,EVERY NIGHT GEL FIJADOR STRONG 500GR X 12UND,EVERY,2
16881,EVERY NIGHT FOR MEN DESODORANTE ROLL ON SPORT 90GR X 12UND,EVERY,4
16883,EVERY NIGHT FOR MEN DESODORANTE ROLL ON FRESH 90GR X 12UND,EVERY,4
16910,EVERY NIGHT GEL FIJADOR BLACK100GR X 24UND,EVERY,4
16911,EVERY NIGHT GEL FIJADOR BLACK 250GR X 12UND,EVERY,5
16912,EVERY NIGHT GEL FIJADOR BLACK 500GR X 12UND,EVERY,1
170189,HUGGIES TOALLAS HUMEDAS LIMPIEZA EFECTIVA 24PAQ X 48UND,HUGGIES,2
180093,DOVE JABON EN BARRA LECHE DE COCO 90GR X 48UND,DOVE,2
180094,DOVE JABON EN BARRA ORIGINAL 90GR X 48UND,DOVE,5
180095,DOVE JABON EN BARRA KAR Y VAINILLA 90GR X 48UND,DOVE,2
180552,DOVE JABON EN BARRA LECHE DE COCO 90GR X 3 X 16UND,DOVE,2
18425,DERMOX TOALLAS HUMEDAS MANZANILLA 24PAQ X 48 HOJAS,DERMOX,1
18427,DERMOX TOALLAS HUMEDAS BABY ALOE VERA 24PAQ X 48 HOJAS,DERMOX,2
18428,DERMOX TOALLAS HUMEDAS BABY ALOE VERA 24PAQ X 72 HOJAS,DERMOX,1
190113,KOTEX TOALLA SANITARIAS DIURNO 48PAQ X 10UND,KOTEX,2
190119,KOTEX TOALLA SANITARIAS NOCTURNO 12PAQ X 8UND,KOTEX,3
190123,KOTEX TOALLA SANITARIAS DIA&NOCHE 12PAQ X 8UND,KOTEX,2
190124,KOTEX PROTECTORES DIARIOS PURO NATURAL 12PAQ X 10UND,KOTEX,1
190125,KOTEX TOALLA SANITARIAS DISCRETA ULTRAFINA 48PAQ X 10UND,KOTEX,6
190339,KOTEX TOALLAS SANITARIAS ULTRA FINA SPORT 12PAQ X 10UND,KOTEX,2
190523,KOTEX TOALLA SANITARIAS ESENCIAL C/ALAS 16PAQ X 8UND,KOTEX,4
190631,KOTEX TOALLA SANITARIAS NOCTURNA C/ALAS 24PAQ X 8UND,KOTEX,3
19113,VATEL ACEITE SOYA 1L X 12UND,VATEL,22
19220008,OKI TOALLITAS HUMEDAS BASICAS 70HOJAS X 24UND,OKI,2
19220009,OKI TOALLITAS HUMEDAS BASICAS 100HOJAS X 24UND,OKI,1
19220081,OKI TOALLITAS HUMEDAS ALOE 42HOJAS X 36UND,OKI,1
19220083,OKI TOALLITAS HUMEDAS MANZANILLA 20HOJAS X 48UND,OKI,4
19220085,OKI TOALLITAS HUMEDAS MANZANILLA REFILL 64HOJAS X 24UND,OKI,4
19313,VATEL ACEITE VEGETAL 1L X 12UND,VATEL,32
20001,LAVAN SAN DETERGENTE LIQUIDO CONCENTRADO 1L X 12UND,LAVAN SAN,1
20002,ALVARIGUA AZUCAR 1KG X 20UND,ALVARIGUA,12
20003,ALVARIGUA AZUCAR 800GR X 20UND,ALVARIGUA,5
20007-,DON PACO AZUCAR 900GR X 20UND,DON,7
20025,DEL MONTE GUISANTES LATA 220GR X 12UND,DEL,1
20026,DEL MONTE GUISANTES LATA 425GR X 12UND,DEL,1
200263,KOTEX PROTECTORES DIARIOS ULTA FLEXIBLE 12PAQ X 15UND,KOTEX,3
2003,MUNCHY CHICHARRON SON PICANTE 62GR X 4 DISP X 5UND,MUNCHY,2
200340,KOTEX PROTECTORES DIARIOS 24PAQ X 15UND,KOTEX,3
200446,KOTEX PROTECTORES DIARIOS EXTRA LARGOS 12PAQ X 48UND,KOTEX,1
200649,KOTEX PROTECTORES DIARIOS DISCRETOS 12PAQ X 50UND,KOTEX,1
20203,MCCORMICK TE MANZANILLA 1GR X 12DISP X 10UND,MCCORMICK,1
210011,KRAYS VINAGRE DE 1L X 12UND,KRAYS,16
210012,KRAYS VINAGRE DE 500ML X 12UND,KRAYS,15
21104,CARGILL TRESCO MANTECA VEGETAL PARA PANADERIA LT 15KG,CARGILL,1
21220001,MIMADITO TOALLAS HUMEDAS PREMIUN MANZANILLA 48HOJAS X 24PAQ,MIMADITO,5
2308,MUNCHY CHISKESITOS 45GR X 12 DISP X 12UND,MUNCHY,44
231024,AGUA BLANCA ARROZ TIPO I 1KG X 24UND,AGUA,4
2406,MUNCHY KESITOS 85GR X 4 DISP X 5UND,MUNCHY,61
25027-,DEL MONTE MAIZ DORADO ENTERO LATA 220GR X 12UND,DEL,1
25779,MAIZORITOS CEREAL HOJUELAS AZUCARADAS 240GR X 12UND,MAIZORITOS,3
25793,MAIZORITOS FRUTY AROS 240GR X 12UND,MAIZORITOS,1
260125,AGUA BLANCA ARROZ DIAMANTE 900GR X 24UND,AGUA,3
265,ETERNA ESPONJA DOBLE USO PAQ X 24UND,ETERNA,1
266,ETERNA ESPONJA DOBLE USO 2PZA X 24UND,ETERNA,2
267,ETERNA ESPONJA CUIDA UÑAS X 24UND,ETERNA,2
268,ETERNA ESPONJA CUIDA UÑAS 16 DISP X 3UND,ETERNA,2
269,ETERNA ESPONJA FLASH PAQ X 6UND,ETERNA,4
270,ETERNA ESPONJA FLASH 16DISP X 3UND,ETERNA,4
270537,HUGGIES PAÑAL ACTIVESEC XG 8PAQ X 25UND,HUGGIES,1
271,ETERNA ESPONJA ESPIRAL DE ACERO PAQ X 6UND,ETERNA,2
272,ETERNA ESPONJA INOX ABRASIVA 12 DISP X 2UND,ETERNA,1
290628,ENERGIZER BATERIA ALKALINA AAA RISTRA X 12UND,ENERGIZER,1
290629,ENERGIZER BATERIA ALKALINA AA RISTRA X 12UND,ENERGIZER,2
290671,ENERGIZER BATERIA ALKALINA AAA2 4DISP X 12UND,ENERGIZER,1
300272,VASELINE JELLY ORIGINAL 50ML X 72UND,VASELINE,2
300273,VASELINE JELLY ORIGINAL 100ML X 48UND,VASELINE,1
3009,MUNCHY CHISKESITOS 145GR X 4 DISP X 5UND,MUNCHY,52
3010006,LAVAN SAN CLORO NATURAL 1L X 12UND,LAVAN SAN,91
3044122,"MENTOS SURTIDOS (FRESA - TUTTI FRUTTI - MAGICO) 29,5GR X 24DISP X 12UND",MENTOS,2
3044124,"MENTOS SURTIDOS (FRESA - FRUTAS-TUTTI FRUTTI - MAGICO) 29,5GR X 24DISP X 12UND",MENTOS,1
310136,DIOXOGEN DESODORANTE ROLL ON ORIGINAL 90GR X 36UND,DIOXOGEN,5
31016,CHERRY BETUN P/CALZADO PASTA NEGRO 30GR X 12UND,CHERRY,1
31033,WOOLITE PROTE Y CUIDADO DETERGENTE LIQUIDO 900ML X 12UND,WOOLITE,2
31034,WOOLITE ROPA BEBE DETERGENTE LIQUIDO 900ML X 12UND,WOOLITE,2
31058,VANISH QUITAMANCHAS SACHET ROSA 30GR X12UND,VANISH,3
31059,VANISH QUITAMANCHAS SACHET BLANCO 30GR X 12UND,VANISH,3
31068,VANISH QUITAMANCHA ROSA LIQUIDO 450ML X 24UND,VANISH,2
31069,VANISH QUITAMANCHA BLANCO LIQUIDO 450ML X 24UND,VANISH,3
31070,VANISH QUITAMANCHA ROSA LIQUIDO 900ML X 12UND,VANISH,2
3113,MUNCHY TOCINETIKAS ORIGINAL 16GR X 12 DISP X 12UND,MUNCHY,20
315012,DIOXOGEN DESODORANTE ROLL ON ORIGINAL 50GR X 12UND,DIOXOGEN,7
319015,DENCORUB ICE ROLL ON 80GR X 15UND,DENCORUB,2
320136,DIOXOGEN DESODORANTE ROLL ON TALCO 90GR X 36UND,DIOXOGEN,10
325012,DIOXOGEN DESODORANTE ROLL ON TALCO 50GR X 12UND,DIOXOGEN,6
330136,DIOXOGEN DESODORANTE ROLL ON ALOE VERA 90GR X 36UND,DIOXOGEN,8
335012,DIOXOGEN DESODORANTE ROLL ON ALOE 50GR X 12UND,DIOXOGEN,8
340136,DIOXOGEN DESODORANTE ROLL ON BICARBONATO 90GR X 36UND,DIOXOGEN,12
340177,SEDAL SHAMPOO CERAMIDAS 340ML X 12UND,SEDAL,2
340316,SEDAL SHAMPOO CELULAS MADRES 340ML X 12UND,SEDAL,2
340428,SAVITAL SHAMPOO MULTIVITAMINAS 100ML X 36UND,SAVITAL,2
340430,SAVITAL SHAMPOO MULTIOLEOS Y SABILA 25ML X 24DISP 20UND,SAVITAL,2
340522,SEDAL SHAMPOO LISO PERFECTO 340ML X 12UND,SEDAL,1
340549,DOVE SHAMPOO RECONSTRUCCION 370ML X 12UND,DOVE,2
340551,DOVE SHAMPOO REGENERACION EXTREMA 370ML X 12UND,DOVE,1
340557,SEDAL SHAMPOO ZERO CASPA 340ML X 12UND,SEDAL,1
345012,DIOXOGEN DESODORANTE ROLL ON BICARBONATO 50GR X 12UND,DIOXOGEN,3
3P01,3P AREQUIPE 250GR X 12UND,3P,1
3P03,3P AREQUIPE 500GR X 6UND,3P,4
3P19,3P AREQUIPE 200GR X 12UND,3P,10
4020001,LAVAN SAN AROMATIZANTE TERNURA 830ML X 12UND,LAVAN SAN,4
4020002,LAVAN SAN AROMATIZANTE TANGO 830ML X 12UND,LAVAN SAN,5
4020003,LAVAN SAN AROMATIZANTE LAVANDA 830ML X 12UND,LAVAN SAN,5
410111305,MUNCHY KESITOS 25GR X 12 DISP X 12UND,MUNCHY,38
410313001,MUNCHY RINGOS XXL 180GR X 10UND,MUNCHY,7
410510001,MUNCHY CHESITOS 15GR X 12DISP X 12UND,MUNCHY,28
410511002,MUNCHY CHESITOS 70GR X 4DISP X 5UND,MUNCHY,34
411212,DENCORUB ICE SPRAY 120GR X 12UND,DENCORUB,1
4114,MUNCHY TOCINETIKAS ORIGINAL 40GR X 4 DISP X 6UND,MUNCHY,32
4115,MUNCHY TOCINETIKAS PICANTE 40GR X 4 DISP X 6UND,MUNCHY,31
420123007,MUNCHY CHISKESITOS 145GR X 20UND,MUNCHY,3
420311001,MUNCHY CHISKESITOS TOCINETA 45GR X 12 DISP X 12UND,MUNCHY,10
430111001,MUNCHY CHICHARRON SON PICANTE 21GR X 6 DISP X 12UND,MUNCHY,1
430113114,MUNCHY TOCINETIKAS PICANTE 16GR X 12DISP X 12UND,MUNCHY,1
430215001,MUNCHY TOCINETIKAS ORIGINAL XXL 160GR X 10UND,MUNCHY,11
430215002,MUNCHY TOCINETIKAS PICANTE XXL 160GR X 10UND,MUNCHY,4
430315002,MUNCHY CHICHARRON CRIOLLO 25GR X 6 DISP X 12UND,MUNCHY,5
430316007,MUNCHY CHICHARRON CRIOLLO 90GR X 20UND,MUNCHY,7
458719,BELLA HOLANDESA LECHE CONDENSADA LATA 397GR X 48UND,BELLA,1
50000922,SECUREZZA PAÑAL ADULTO COMFORT G 6PAQ X 6UND,SECUREZZA,1
50001005,AMY SEC TOALLAS HUMEDAS MANZANILLA 72HOJAS X 24UND,AMY,2
50001011,CHICCO COLONIA PARA NIÑOS 100ML X 28UND,CHICCO,3
50001021,SECUREZZA TOALLAS CLINICAS POST-PARTO 12PAQ X 15UND,SECUREZZA,3
50001051,CHICCO COTONCITO 12PAQ X 300UND,CHICCO,1
50101,EVEBA ATUN EN ACEITE VEGETAL LATA 170GR X 24UND,EVEBA,1
50144,EVEBA ATUN EN ACEITE VEGETAL LATA 140GR X 24UND,EVEBA,6
50146,EVEBA ATUN SOLIDO AL NATURAL LATA 170GR X 24UND,EVEBA,2
50622,EVEBA SARDINA EN SALSA DE TOMATE 170GR X 24UND,EVEBA,2
50812,EVEBA PEPITONA SALSA NATURAL LATA 140GR X 24UND,EVEBA,2
50813,EVEBA PEPITONA SALSA PICANTE LATA 140GR X 24UND,EVEBA,1
51000159,IZYCLEAN ESPONJA DOBLE USO 12DISP X 24UND,IZYCLEAN,3
51000166,IZYCLEAN ESPONJA SALVA UÑAS 12 DISP X 24 UND,IZYCLEAN,3
51000187,IZYCLEAN ESPONJA ACERO INOXIDABLE 12 DISP X 32UND,IZYCLEAN,2
51000565,IZYCLEAN ESPONJA JABONOSA 24 DISP X 10 UND,IZYCLEAN,1
51000572,IZYCLEAN ESPONJA JABONOSA 24 DISP X 5 UND,IZYCLEAN,1
51000880,GALACTIC CEPILLO DENTAL EPIC MEDIO 6 DISP X 12UND,GALACTIC,3
51000885,GALACTIC RISTRA CEPILLO DENTAL EPIC MEDIO 6 DISP X 12UND,GALACTIC,3
51000897,GALACTIC CEPILLO DENTAL AXIS SUAVE 6 DISP X 12 UND,GALACTIC,1
51000903,GALACTIC CEPILLO DENTAL AXIS MEDIO 6 DISP X 12 UND,GALACTIC,1
51001016,GALACTIC CEPILLO DENTAL KIDS MONSTRUO 6 DISP X 12UND,GALACTIC,1
51001289,IZYCLEAN ESPONJA DOBLE USO 20DISP X 12 UND,IZYCLEAN,4
51001326,IZYCLEAN ESPONJA ACERO INOXIDABLE 20DISP X 12 UND,IZYCLEAN,3
51001333,IZYCLEAN ESPONJA JABONOSA 20 DISP X 12 UND,IZYCLEAN,3
51001354,GALACTIC CREMA DENTAL CLASSIC 100GR X 36UND,GALACTIC,2
51001361,GALACTIC CREMA DENTAL ULTRA MINT 120GR X 36UND,GALACTIC,1
51001378,GALACTIC CREMA DENTAL KIDS TUTTIFRUTTI BOYS 100GR X 36UND,GALACTIC,1
51001517,GALACTIC CREMA DENTAL CLASSIC ICE 100GR X 36UND,GALACTIC,16
51002498,GALACTIC CREMA DENTAL CLASSIC 63GR X 36UND,GALACTIC,1
51002542,GALACTIC CEPILLO DENTAL REBEL SUAVE 6 DISP X 12 UND,GALACTIC,1
51002702,GALACTIC CREMA DENTAL TRIPLE MAX 100GR X 36UND,GALACTIC,5
51002835,GALACTIC ENJUAGUE BUCAL ULTRA MINT 500ML X 12UND,GALACTIC,1
51003334,GALACTIC CREMA DENTAL CLASSIC 180GR X 36UND,GALACTIC,5
51005802,GALACTIC CREMA DENTAL TRIPLE MAX 75GR X 36UND,GALACTIC,8
51050000,MIMADITO COLONIA 90ML X 24UND,MIMADITO,1
51104123,KRON MANI COBERTURA CHOCOLATE 40GR X 4DISP X 12UND,KRON,2
514510,"M&M´S PEANUTS 49,30GR X 48UND",M,1
518015,DENCORUB ICE ARNICA ROLL ON 80GR X 15UND,DENCORUB,2
52077128,KRON GOTAS COBERTURA CHOCOLATE C/ LECHE 500GR X 20UND,KRON,2
52077132,KRON GOTAS COBERTURA CHOCOLATE OSCURO 500GR X 20UND,KRON,1
600746,PEROS DETERGENTE EN POLVO LIMON 900GR X 10UND,PEROS,1
600748,PEROS DETERGENTE EN POLVO ROSAS 900GR X 10UND,PEROS,3
600750,PEROS DETERGENTE EN POLVO LAVANDA 900GR X 10UND,PEROS,1
600752,PEROS DETERGENTE EN POLVO TROPICAL 900GR X 10UND,PEROS,1
61002012,PROTEX JABON AVENA 110GR X 72UND,PROTEX,3
61002860,PALMOLIVE JABON NEUTRO BALANCE BABY 90GR X 48UND,PALMOLIVE,1
61006260,COLGATE CREMA DENTAL NATURALS EXTRACTS CARBON ACT 140GR X 48UND,COLGATE,1
61006639,PALMOLIVE SHAMPOO 2 EN 1 OPTIMS 400ML X 12UND,PALMOLIVE,1
61007001,SPEED STICK DESODORANTE XTREME NIGHT CREMA TUBO 30GR X 6DISP X 6UND,SPEED,6
61008834,COLGATE CEPILLO DENTAL PREMIER 6 DISP X 14UND,COLGATE,7
61009092,FABULOSO LIMPIADOR ALT AL CLORO 1L X 12UND,FABULOSO,7
61010272,COLGATE CEPILLO TRIPLE ACTION X 12UND,COLGATE,1
61020296,SUAVITEL SUAVIZANTE FRESCA PRIMAVERA 180ML X 56UND,SUAVITEL,3
61021604,PALMOLIVE JABON ALOE OLIVA 110GR X 72UND,PALMOLIVE,2
61021608,PALMOLIVE JABON ALOE OLIVA 110GR X 3 X 24UND,PALMOLIVE,4
61021610,PALMOLIVE JABON AVENA C/ AZUCAR 110GR X 3 X 24UND,PALMOLIVE,5
61021611,PALMOLIVE JABON GRANADA 110GR X 3 X 24UND,PALMOLIVE,3
61024773,FABULOSO LIMPIADOR LAVANDA 2L X 6UND,FABULOSO,5
61024774,FABULOSO LIMPIADOR LAVANDA 500ML X 24UND,FABULOSO,24
61025057,BRISOL LIQUIDO MULTIUSO 825ML X 12UND,BRISOL,12
61027657,PROTEX JABON CARBON DETOX 110GR X 3 X 24UND,PROTEX,3
61030758,COLGATE GEL DENTAL KIDS FRESA 50GR X 72UND,COLGATE,1
61031630,SUAVITEL SUAVIZANTE FRESCA PRIMAVERA 2L X 6UND,SUAVITEL,1
61034008,COLGATE CEPILLO ZIGZAG CARBON X 12UND,COLGATE,1
61034337,COLGATE CREMA DENTAL MAX FRESH COOL MINT 90ML X 72UND,COLGATE,1
61036134,LADY SPEED STICK DESODORANTE CARBON ABSORB AEROSOL 91GR X 12UND,LADY,2
61036188,SPEED STICK DESODORANTE CLINICAL DRY SACHET 9GR X 24 DISP X 20UND,SPEED,6
61036304,LADY SPEED STICK DESODORANTE CARBON ABSORB BARRA 45GR X 12UND,LADY,1
61036970,FABULOSO LIMPIADOR ENERGIA NARANJA 1L X 12UND,FABULOSO,3
61038594,PALMOLIVE JABON MANDARINA ROMERO 110GR X 3 X 24UND,PALMOLIVE,8
61042376,AXION LAVAPLATOS MULTIUSO PASTA 450GR X 24UND,AXION,1
61045236,AXION LAVAPLATOS MULTIUSOS PASTA 235GR X 48UND,AXION,9
61047046,PROTEX JABON OMEGA 3 110GR X 3 X 24UND,PROTEX,6
61051702,LADY SPEED STICK DESODORANTE CLINICAL POWDER TUBO 70GR X 18UND,LADY,5
61051703,SPEED STICK DESODORANTE CLINICAL DRY TUBO 70GR X 18UND,SPEED,5
61054557,PALMOLIVE JABON CAFE Y ALMENDRAS 110GR X 3 X 24UND,PALMOLIVE,3
61054964,SUAVITEL SUAVIZANTE BABY 750ML X 12UND,SUAVITEL,1
61056106,COLGATE CREMA DENTAL TRIPLE ACCION 100 ML X 72UND,COLGATE,8
6131628,AJAX DESINFECTANTE MULTISUPERFICIES 2LT X 6UND,AJAX,2
620754,PEROS SUAVIZANTE LAVANDA 1L X 12UND,PEROS,2
620755,PEROS SUAVIZANTE ROSAS 1L X 12UND,PEROS,3
62688,CARBONELL ACEITE DE OLIVA EXTRA VIRGEN CON SABOR SPRAY 200ML X 12UND,CARBONELL,1
630757,PEROS LAVAPLATOS LIQUIDO LIMON 500ML X 24UND,PEROS,1
630760,PEROS LAVAPLATOS EN GEL FRESA 250GR X 36UND,PEROS,2
7009,MUNCHY BOLIKRUNCH 85GR X 4 DISP X 5UND,MUNCHY,58
7011,MUNCHY BOLIKRUNCH 25GR X 12 DISP X 12UND,MUNCHY,41
74341000,INTYFEM LOCION LIMPIADORA HIGIENE INTIMA 240CC X 16UND,INTYFEM,1
78916418,"MENTOS SURTIDOS (TUTTI - MENTA - MAGICO) 29,5GR X 24DISP X 12UND",MENTOS,3
8022,MUNCHY CHISKRONCH 25GR X 6 DISP X 12UND,MUNCHY,1
8024,MUNCHY CHISKRONCH TOCINETA 25GR X 6 DISP X 12UND,MUNCHY,16
80307910,PANTENE SHAMPOO RESTAURACION 200ML X 12UND,PANTENE,2
80308288,HEAD SHOULDERS SHAMPOO PROTECCION CAIDA 180ML X 12UND,HEAD,1
80311971,GILLETTE COOL WAVE DESODORANTE ROLL ON 60GR X 12UND,GILLETTE,1
80311972,GILLETE POWER RUSH DESODORANTE ROLL ON 60GR X 12UND,GILLETE,2
80321737,SECRET DESODORANTE ROLL ON 60GR X 12UND,SECRET,1
80328523,GILLETE DESODORANTE GEL COOL WAVE 45GR X 12UND,GILLETE,1
80333631,HEAD AND SHOULDERS SHAMPOO LIMP RENOVADORA 180ML X 12UND,HEAD,1
80680717,HEAD AND SHOULDERS SHAMPOO LIMP RENOVADORA 375ML X 12UND,HEAD,2
80685855,GILLETTE PRESTOBARBA 3 HOJILLAS RISTRA X 10UND,GILLETTE,1
80685924,GILLETTE PRESTOBARBA EXTRA SUAVE 3 HOJILLAS X 72 DISP X 2UND,GILLETTE,1
80685930,GILLETTE PRESTOBARBA SENSITIVE 3 HOJILLAS 72 DISP X 2UND,GILLETTE,1
80686979,PANTENE SHAMPOO COLAGENO 300ML X 12UND,PANTENE,1
80692228,GILLETTE DESODORANTE GEL POWER RUSH 82GR X 12UND,GILLETTE,1
80692231,GILLETTE DESODORANTE GEL COOL WAVE 82GR X 12UND,GILLETTE,2
80692238,GILLETE DESODORANTE GEL COOL WAVE 45GR X 12UND,GILLETE,2
80724230,HEAD & SHOULDERS SHAMPOO 2EN1 SUAVE Y MANEJABLE 180ML X 12UND,HEAD,1
80724232,HEAD AND SHOULDERS SHAMPOO/ACONDIC 2&1 SUAVE Y MANEJ 375ML X 12UND,HEAD,1
80724239,HEADS & SHOULDERS SHAMPOO ACEITE DE COCO 375ML X 12UND,HEADS,2
80826033,ARIEL DETERGENTE EN POLVO C/ DOWNY 800GR X 15UND,ARIEL,1
80826038,ARIEL DETERGENTE PODER Y CUIDADO 800GR X 15UND,ARIEL,1
80826039,ARIEL REGULAR DOBLE PODER 400GR X 24UND,ARIEL,1
81000056,MONCLER JABON EN BARRA BLANCO HUMECTANTE 90GR X 72UND,MONCLER,5
81000057,MONCLER JABON EN BARRA AMARILLO ENERGIA 90GR X 72UND,MONCLER,6
81000058,MONCLER JABON EN BARRA AZUL REFRESCANTE 90GR X 72UND,MONCLER,7
81000139,MONCLER JABON EN BARRA BLANCO HUMECTANTE 145GR X 48UND,MONCLER,4
81000140,MONCLER JABON EN BARRA AZUL REFRESCANTE 145GR X 48UND,MONCLER,1
81000177,MONCLER JABON EN BARRA MICELAR HIDRATANTE 90GR X 72UND,MONCLER,4
81000194,MONCLER JABON EN BARRA RADIANTE 90GR X 72UND,MONCLER,2
81000245,MONCLER JABON EN BARRA AZUL REFRESCANTE 290GR X 24PAQ X 2UND,MONCLER,1
81000313,MONCLER JABON EN BARRA AMARILLO ENERGIA 145GR X 48UND,MONCLER,3
820,DRENE SHAMPOO PROH EXTRA LISO 200ML X 12UND,DRENE,3
822,DRENE SHAMPOO PROH SECO/MALTRATADO 200ML X 12UND,DRENE,3
823,DRENE SHAMPOO PROH SECO/MALTRATADO 370ML X 12UND,DRENE,2
824,DRENE SHAMPOO PROH HIALURONICO 370ML X 12UND,DRENE,3
826,DRENE SHAMPOO PROH RIZADO 370ML X 12UND,DRENE,2
84121006,MIMADITO LAMINAS ALGODON DESMAQUILLANTES 24PAQ X 40UND,MIMADITO,3
870,DRENE SHAMPOO ANTICASPA GRASO 370ML X 12UND,DRENE,5
871,DRENE SHAMPOO ANTICASPA SECO/MALTRATADO 370ML X 12UND,DRENE,4
9000012,CARBONERA CARBON VEGETAL 1.5KG X 10UND,CARBONERA,11
9000036,CARBONERA CARBON XL PREMIUM 1.5KG X 8UND,CARBONERA,1
95575,FLIPS CRUNCHY CREMA CHOCOLATE BOLSA 27GR X 12DISP X 3UND,FLIPS,1
96285,FLIPS DULCE DE LECHE 120GR X 20UND,FLIPS,1
AD01,DAYANI AROMATIZANTE LAVANDA 1L X 12UND,DAYANI,4
AD02,DAYANI AROMATIZANTE BEBE 1L X 12UND,DAYANI,5
AD03,DAYANI AROMATIZANTE FRESA 1L X 12UND,DAYANI,4
AD04,DAYANI AROMATIZANTE FLORES 1L X 12UND,DAYANI,6
AD09,DAYANI AROMATIZANTE LIMON 1L X 12UND,DAYANI,1
AD11,EINSY CRISTAL LAVAPLATOS LIMON 900 ML X 12UND,EINSY,5
AM140NC,ATUNMAR EN ACEITE VEGETAL 140GR X 12UND,ATUNMAR,1
AMER13,AMERICANDY BIG BOM CHUPETATROPICAL CREAM XXL 1.2KG X 8PAQ X 48UND,AMERICANDY,1
AMER30,AMERYCANDY CARAMELOS CERO GRADOS MENTA BLACK 400GR X 20BOLSAS X 100UND,AMERYCANDY,1
AMP03C,ANZOATEGUI BUEN CAFE GOURMET MOLIDO 200GR X 20UND,ANZOATEGUI,3
ANZ02,ANZOATEGUI BUEN CAFE GOURMET MOLIDO 500GR X 10UND,ANZOATEGUI,4
APV125MG,PARAGUANA ATUN FILET EN ACEITE VEGETAL 125GR X 12UND,PARAGUANA,1
ATU0007,DIMARE ATUN SOLIDO EN ACEITE VEGETAL 160GR X 48UND,DIMARE,1
ATU0008,DIMARE ATUN SOLIDO AL NATURAL 160GR X 48UND,DIMARE,1
AVE02,AVELINA AVENA TRADICIONAL 250GR X12UND,AVELINA,3
AVE03,AVELINA AVENA TRADICIONAL 400GR X 12UND,AVELINA,2
AVE05,AVELINA AVENA TRADICIONAL 800GR X 12UND,AVELINA,2
AVE06,AVELINA AVENA INSTANTANEA DE 250GR X 12UND,AVELINA,1
AVE07,AVELINA AVENA INSTANTANEA 400GR X 12UND,AVELINA,3
AVE09,AVELINA AVENA INSTANTANEA DE 800GR X 12UND,AVELINA,1
AVE10,AVELINA AVENA FORTIFICADA 250GR X 12UND,AVELINA,2
AVE11,AVELINA AVENA FORTIFICADA 400GR X 12UND,AVELINA,5
AVE13,AVELINA AVENA FORTIFICADA 800GR X 12UND,AVELINA,3
AVE14,AVELINA AVENA EN HOJUELAS ENTERA 250GR X 12UND,AVELINA,1
AVE15,AVELINA AVENA EN HOJUELAS ENTERA 400GR X 12UND,AVELINA,2
AVE17,AVELINA AVENA EN HOJUELAS ENTERA 800GR X 12UND,AVELINA,1
BM0040,BEL MONEDA CHOCOLATE 40GR X 25UND,BEL,1
BR00931B,COLGATE ENJUAGUE BUCAL PLAX ICE 250ML X 12UND,COLGATE,6
BR01450B,COLGATE ENJUAGUE BUCAL PERIOGARD 250ML X 12UND,COLGATE,1
BR02702A,COLGATE ENJUAGUE BUCAL PLAX ICE INFINITY 250ML X 12UND,COLGATE,2
BR03305A,COLGATE ENJUAGUE BUCAL PLAX ICE GLACIAL 250ML X 12UND,COLGATE,1
BR03476A,PALMOLIVE JABON ALOE OLIVA BARRA 85GR X 108UND,PALMOLIVE,3
BRU001,BRUSLI GOMITAS OSO ROCK 40GR X 24UND,BRUSLI,10
BRU002,BRUSLI GOMITAS COLA DISCO 40GR X 24UND,BRUSLI,9
BRU003,BRUSLI GOMITAS FRUTAS TROPICALES SWEET TEAM 40GR X 24UND,BRUSLI,10
BRU004,BRUSLI GOMITAS GUSANOS BUZZI 40GR X 24UND,BRUSLI,10
BRU005,BRUSLI GOMITAS PUNTO KINGGUMMY 40GR X 24UND,BRUSLI,11
BRU006,BRUSLI GOMITAS SAFA COCODRILO 40GR X 24UND,BRUSLI,5
BRU007,BRUSLI GOMITAS CORAZON BABY LOVER 40GR X 24UND,BRUSLI,2
BRU009,BRUSLI GOMITAS DRACULA SWEET 40GR X 24UND,BRUSLI,1
BRU010,BRUSLI GOMITAS SANDIA SANDY RUNNER 40GR X 24UND,BRUSLI,5
BRU011,BRUSLI GOMITAS TIBURON SHARKY BALL 40GR X 24UND,BRUSLI,9
BRU012,BRUSLI GOMITAS FRESA STRAW PADEL 40GR X 24UND,BRUSLI,6
BRU013,BRUSLI GOMITAS AROS SUPER HOOP 40GR X 24UND,BRUSLI,3
CAME265,SECUREZZA PROTECTOR DE CAMA 6PAQ X 10UND,SECUREZZA,1
CAME287,SELVA VASO BLANCO V7 25PAQ X 100UND,SELVA,1
CAME288,IBERIA SALSA BOLOGNESA 490GR X 12UND,IBERIA,1
CAME34,TIGO CUBITOS DE POLLO 80GR X 8DISP X 18 PAQ X 8UND,TIGO,2
CAME42,TIGO SOPA DE CARNE CON FIDEOS 74GR X 4DISP X 12UND,TIGO,1
CAME43,TIGO SOPA DE VEGETALES CON FIDEOS 59GR X 4DISP X 12UND,TIGO,1
CAME68,MAIZORITOS CEREAL AROS AVENA ORIGINAL 200GR X 12UND,MAIZORITOS,1
CARA0011,GRAVENCA CARAOTAS ROJAS 500GR X 20UND,GRAVENCA,1
CARA0012,GRAVENCA CARAOTAS NEGRAS 400GR X 20UND,GRAVENCA,2
CD01,DAYANI CLORO 1L X 12UND,DAYANI,11
CD04,DAYANI CERA AUTOBRILLANTE BLANCA 1LT X 12UND,DAYANI,1
CHB150,LUMALAC CHICHALAC BOLSA 150GR X 32UND,LUMALAC,1
CHI01,EL TIGRITO CHIMO 18GR X 50PAQ X 6UND,EL,6
CHI02,EL TIGRITO CHIMO BRAVO 18GR X 50PAQ X 6UND,EL,2
CHI03,EL TIGRITO CHIMO ICE 18GR X 50PAQ X 6UND,EL,5
CHI04,EL TIGRITO CHIMO HERBAL 18GR X 50PAQ X 6UND,EL,1
CHI05,EL TIGRITO CHIMO CHERRY 18GR X 50PAQ X 6UND,EL,1
CL01,CELEMA JUGO UHT MANZANA 200ML X 24UND,CELEMA,3
CL02,CELEMA JUGO UHT PERA 200ML X 24UND,CELEMA,2
CL04,CELEMA JUGO UHT MANGO 200ML X 24UND,CELEMA,1
CO01261A,LADY SPEED STICK DESODORANTE TALCO TUBO 30GR X 36UND,LADY,12
CO01268A,AXION LAVAPLATOS LIMON PASTA 235GR X 48UND,AXION,6
CO01375A,AXION LAVAPLATOS LIQUIDO LIMON 360ML X 24UND,AXION,1
CO01606A,COLGATE CREMA DENTAL TRIPLE ACTION 60ML X 144UND,COLGATE,24
CO01681A,PROTEX JABON MACADAMIA 110GR X 3 X 24UND,PROTEX,3
CO01918A,PROTEX JABON FRESH 110GR X 72UND,PROTEX,3
CO02043A,FABULOSO LIMPIADOR LAVANDA 1L X 12UND,FABULOSO,15
CO02045A,FABULOSO LIMPIADOR BEBE 1L X 12UND,FABULOSO,4
CO02086A,AJAX LIMPIADOR DESENGRASANTE BICARBONATO LIMON 1L X 12UND,AJAX,3
CONVE01,LA PASTOREÑA LECHE COMPLETA UHT 1L X 12UND,LA,287
CONVE02,LA PASTOREÑA LECHE DESCREMADA UHT 1L X 12UND,LA,207
CONVE03,LA PASTOREÑA TE DE DURAZNO UHT 1L X 12UND,LA,8
CONVE04,LA PASTOREÑA TE DE LIMON UHT 1L X 12UND,LA,4
CONVE05,LA PASTOREÑA LECHE DESLACTOSADA UHT 1L X 12UND,LA,180
CONVE07,LA PASTOREÑA JUGO UHT NARANJA 60% 1L X 12UND,LA,4
CONVE08,LA PASTOREÑA JUGO UHT MANZANA 1L X 12UND,LA,6
CONVE09,LA PASTOREÑA JUGO UHT PERA 1L X 12UND,LA,3
CONVE10,LA PASTOREÑA CREMA DE LECHE UHT 500ML X 12UND,LA,9
CONVE11,LA PASTOREÑA CREMA DE LECHE UHT 1L X 12UND,LA,4
COTU0006,GRAVENCA MAIZ P/ COTUFA 400GR X 20UND,GRAVENCA,3
CRE004,SANTONI CREMA DE ARROZ ENRRIQUECIDA 400GR X 12UND,SANTONI,1
CTC10,EL TORREON ACEITUNAS VERDES RELLENAS C/PIMIENTO LATA 300GR X 12UND,EL,1
CTC14,COTOPERI NECTAR DURAZNO PET 1.5LT X 6UND,COTOPERI,2
CTC16,COTOPERI NECTAR MANZANA PET 1.5LT X 6UND,COTOPERI,3
CTC17,COTOPERI NECTAR PERA PET 1.5LT X 6UND,COTOPERI,2
CTC19,COTOPERI NECTAR DURAZNO PET 500ML X 12UND,COTOPERI,2
CTC21,COTOPERI NECTAR MANZANA PET 500ML X 12UND,COTOPERI,4
CTC25,COTOPERI MAIZ DULCE EN GRANOS LATA 425GR X 24UND,COTOPERI,1
CTC28,COTOPERI CHAMPIÑONES REBANADOS LATA 425GR X 24UND,COTOPERI,1
CV0132,COLOMBINA GALLETAS CRAKEÑAS CLUB 119GR X 18DISP X 4UND,COLOMBINA,1
CV0148,COLOMBINA MENTA HELADA 18PAQ X 100UND,COLOMBINA,7
CV0172,COLOMBINA FRUTICAS CARAMELOS SURTIDOS 16PAQ X 100UND,COLOMBINA,10
CV1498-,COLOMBINA WAFER VAINILLA 12GR X 24DISP X 24UND,COLOMBINA,8
CV1523,COLOMBINA NUTTELINI MERIENDITA 14GR X 24DISP X 12UND,COLOMBINA,7
CV1732,COLOMBINA DANDY 19GR X 12 DISP X 18UND,COLOMBINA,8
CV2002,COLOMBINA GALLETA MUU MANTEQUILLA 20GR X 18 DISP X 18UND,COLOMBINA,2
CV2233,COLOMBINA BON BON BUM CHUPETA SURTIDA 456GR X 15PAQ X 24UND,COLOMBINA,8
CV2234,COLOMBINA BON BON BUM CHUPETA FRESA 456GR X 15PAQ X 24UND,COLOMBINA,15
CV2373,COLOMBINA MILLOWS MASMELOS CREAM 505GR X 8PAQ,COLOMBINA,2
CV2429,COLOMBINA BON BON BUM CHUPETA FRESA INTENSA 456GR X 15PAQ X 24UND,COLOMBINA,7
CV2585,COLOMBINA GALLETAS CRAKEÑAS CLUB IND 192GR X 24DISP X 8UND,COLOMBINA,25
CV3278,COLOMBINA LA CONSTANCIA MAYONESA 380GR X 12UND,COLOMBINA LA,1
CV4585,COLOMBINA MINI BUM CARAMELOS SURTIDOS 500GR X 16PAQ X 100UND,COLOMBINA,16
CV4694,COLOMBINA MAX COCO WAFER 46GR X 12DISP X 10UND,COLOMBINA,32
CV4728,COLOMBINA BON BON BUM CHUPETA MARACUYA 456GR X 15PAQ X 24UND,COLOMBINA,8
CV5081,COLOMBINA WAFER FRESA 12GR X 24DISP X 24UND,COLOMBINA,6
CV7107,COLOMBINA GALLETA CHOCO MUUU 34GR X 24DISP X 12UND,COLOMBINA,2
CV7655,COLOMBINA BON BON BUM CHUPETA TROPICAL 456GR X 15PAQ X 24UND,COLOMBINA,1
CV7692,COLOMBINA GALLETA MUUU LECHE 12GR X 30DISP X 18UND,COLOMBINA,3
CV8909,COLOMBINA BON BON BUM CHUPETA CEREZA INTENSA 456GR X 15PAQ X 24UND,COLOMBINA,7
CY2001,WYNCO CHOCOYA BEBIDA ACHOCOLATADA 200ML X 27UND,WYNCO,1
DALA09,DALAN JABON EN BARRA SPRING FRESH 90GR X 3 X 24PAQ,DALAN,1
DALA12,DALAN JABON EN BARRA OCEAN BREEZE 90GR X 3 X 24UND,DALAN,1
DB1015102,DANIBISK MINIS GALLETAS COCO BOLSA 18GR X 24 DISPX 10UND,DANIBISK,1
DB1015103,DANIBISK MINIS GALLETAS VAINILLA BOLSA 18GR X 24 DISP X 10UND,DANIBISK,1
DB1043431,DANIBISK PALITOS CUBIERTOS CHOCOLATE ESTUCHE 240GR X 24UND,DANIBISK,1
DB1044316,DANIBISK PEPITAS CUBIERTAS DE CHOCOLATE 25GR X 12 DISP X 18UND,DANIBISK,2
DB1046231,DANIBISK PALITOS CUBIERTOS DE CHOCOLATE 150GR X 5 DISP X 10UND,DANIBISK,6
DB1046232,DANIBISK PALITOS CHOCOLATES EXTREME 150GR X 5DISP X 10UND,DANIBISK,2
DIV07,DIVA PROTECTORES DIARIOS 48PAQ X 30UND,DIVA,4
DIV08,DIVA PROTECTORES DIARIOS 36PAQ X 50UND,DIVA,1
ET07,EL TUNAL NECTAR MANZANA 1L X 12UND,EL,1
ET08,EL TUNAL NECTAR PERA 1L X 12UND,EL,1
FBR13461B,COLGATE CREMA DENTAL MENTA 180GR X 72UND,COLGATE,1
FBR13470B,COLGATE CREMA DENTAL MENTA 90GR X 144UND,COLGATE,17
FC092061,PROTEX JABON AVENA 110GR X 3 X 24UND,PROTEX,9
FCO38074,AXION LAVAPLATOS LIMON PASTA 450GR X 24UND,AXION,1
FCO91241A,PROTEX JABON FRESH ANTIBACTERIAL 75GR X 72UND,PROTEX,3
FCO92062,PROTEX JABON FRESH 110GR X 3 X 24UND,PROTEX,7
FCO92082,PROTEX JABON LIMPIADOR PROFUNDO ANTIBACTERIAL 110GR X 3 X 24UND,PROTEX,4
FGTT92239,PROTEX JABON ALOE BARRA 110GR X 3 X 32UND,PROTEX,5
FGTT92265,PROTEX JABON MEN SPORT 110GR X 3 X 32UND,PROTEX,11
FL1,FLORALAVANDA CLORO 1LT X 12UND,FLORALAVANDA,1
FMX02982,PALMOLIVE DESODORANTE NEUTRO BALANCE ROLL ON 65ML X 12UND,PALMOLIVE,1
FMX03179D,COLGATE CREMA DENTAL TRIPLE ACTION 75ML X 72UND,COLGATE,12
FMX04568,VEL ROSITA DETERGENTE 450ML X 12UND,VEL,2
FMX05258,SPEED STICK DESODORANTE X5 ROLL ON 50ML X 12UND,SPEED,1
FMX05609,COLGATE CREMA DENTAL TRAC EXT WHITING 75ML X 48UND,COLGATE,7
FMX05752,LADY SPEED STICK DESODORANTE PRO 5 ROLL ON 50ML X 12UND,LADY,3
FR01,FRESCARINI SALSA BOLOGNESA 190GR X 24UND,FRESCARINI,2
FR02,FRESCARINI SALSA PARA PIZZA 190GR X 24UND,FRESCARINI,1
FR03,FRESCARINI SALSA PARA PIZZA 490GR X 12UND,FRESCARINI,1
FR08,FRESCARINI SALSA CON CHORIZO 190GR X 24UND,FRESCARINI,1
FR09,FRESCARINI SALSA NAPOLITANA C/ QUESO 190GR X 24UND,FRESCARINI,1
FR10,FRESCARINI SALSA NAPOLITANA C/ QUESO 490GR X 12UND,FRESCARINI,1
FR16,FRESCARINI ACEITE DE OLIVA EXTRA VIRGEN 750ML X 12UND,FRESCARINI,1
FR17,FRESCARINI ACEITE DE OLIVA EXTRA VIRGEN 1L X 12UND,FRESCARINI,1
FR18,FRESCARINI ACEITE DE OLIVA EXTRA VIRGEN 500ML X 12UND,FRESCARINI,4
FR20,FRESCARINI PASSATA DE TOMATE 540GR X 12UND,FRESCARINI,1
FRITZ06,FRITZ SALSA AJI DULCE 250GR X 12UND,FRITZ,13
FRITZ07,FRITZ SALSA BBQ 290GR X 12UND,FRITZ,49
FRITZ08,FRITZ SALSA DE MAIZ 240GR X 12UND,FRITZ,83
FRITZ09,FRITZ SALSA SABOR A TOCINETA 240GR X 12UND,FRITZ,47
FRITZ100,FRITZ SALSA PARA PASTA ACEITUNAS 310GR X 24UND,FRITZ,7
FRITZ101,FRITZ VINAGRE DE ALCOHOL AL 5% 1L X 12UND,FRITZ,14
FRITZ102,FRITZ VINAGRE DE ALCOHOL AL 5% 500ML X 12UND,FRITZ,6
FRITZ103,FRITZ QUESO DE AÑO 50GR X 6DISP X 6UND,FRITZ,23
FRITZ104,FRITZ PAPAS SABORIZADAS 1KG X 15UND,FRITZ,5
FRITZ105,FRITZ SALSA DE TOMATE KETCHUP 397GR X 12UND,FRITZ,30
FRITZ106,FRITZ MAYONESA 375GR X 15UND,FRITZ,2
FRITZ11,FRITZ SALSA SABOR A QUESO CHEDDAR 240GR X 12UND,FRITZ,85
FRITZ14,FRITZ SALSA AJI PICANTE 250GR X 12UND,FRITZ,49
FRITZ15,FRITZ PAPAS SABORIZADAS 160GR X 12UND,FRITZ,27
FRITZ24,FRITZ SALSA ROSADA 260GR X 12UND,FRITZ,12
FRITZ29,FRITZ MOSTAZA PREPARADA 250GR X 12UND,FRITZ,29
FRITZ30,FRITZ MEZCLA PARA PREPARAR SALSA SABOR A QUESO CHEDDAR 45GR X 6 DISP X 8UND,FRITZ,68
FRITZ46,FRITZ MEZCLA PARA PREPARAR SALSA SABOR A AJO Y PEREJIL 45GR X 6 DISP X 8UND,FRITZ,52
FRITZ51,FRITZ MEZCLA PARA PREPARAR SALSA SABOR A TARTARA 45GR X 6 DISP X 8UND,FRITZ,49
FRITZ52,FRITZ MEZCLA PARA PREPARAR SALSA SABOR A TOCINETA 45GR X 6DISP X 8UND,FRITZ,69
FRITZ53,FRITZ MEZCLA PARA PREPARAR SALSA SABOR A MAIZ 45GR X 6 DISP X 8UND,FRITZ,77
FRITZ56,FRITZ QUESO AÑO 180GR X 12UND,FRITZ,34
FRITZ62,"FRITZ PREPARADO P/ MAYONESA BOLSA 3,35KG X 4UND",FRITZ,2
FRITZ65,FRITZ PREPARADO P/ MAYONESA BOLSA 1KG X 6UND,FRITZ,26
FRITZ66,"FRITZ MOSTAZA BOLSA 3,60KG X 4UND",FRITZ,4
FRITZ67,FRITZ BASE TOMATE BOLSA 1KG X 6UND,FRITZ,13
FRITZ68,"FRITZ BASE TOMATE BOLSA GALON 3,85KG X 4UND",FRITZ,19
FRITZ69,FRITZ PREPARADO P/ MOSTAZA BOLSA 1KG X 6UND,FRITZ,1
FRITZ73,FRITZ SALSA SABOR A QUESO CHEDDAR BOLSA 3KG X 4UND,FRITZ,14
FRITZ74,FRITZ SALSA SABOR A TOCINETA BOLSA 3KG X 4UND,FRITZ,8
FRITZ75,FRITZ SALSA SABOR A MAIZ BOLSA 1KG X 6UND,FRITZ,12
FRITZ76,FRITZ SALSA SABOR A MAIZ BOLSA 3KG X 4UND,FRITZ,10
FRITZ77,"FRITZ MAYO DELI PREPARADO P/ MAYONESA BOLSA 3,10KG X 4UND",FRITZ,55
FRITZ79,"FRITZ SALSA BBQ BOLSA GALON 3,5KG X 4UND",FRITZ,6
FRITZ80,FRITZ SALSA SABOR A CHEDDAR BOLSA 1KG X 6UND,FRITZ,2
FRITZ82,FRITZ SALSA SABOR A TOCINETA BOLSA 1KG X 6UND,FRITZ,7
FRITZ83,FRITZ MOSTAZA DOYPACK 160GR X 24UND,FRITZ,23
FRITZ84,FRITZ BASE TOMATE DOYPACK 165GR X 24UND,FRITZ,6
FRITZ86,FRITZ SALSA PICANTICO CRIOLLO 310CC X 24UND,FRITZ,4
FRITZ88,FRITZ MOSTAZA DOYPACK 930GR X 6UND,FRITZ,4
FRITZ90,"FRITZ VINAGRE DE ALCOHOL 5% ACIDEZ GALON 3,78LT X 4UND",FRITZ,1
FRITZ91,FRITZ SALSA SABOR A MAIZ DOY PACK145GR X 24UND,FRITZ,42
FRITZ92,FRITZ SALSA SABOR QUESO CHEDDAR DOY PACK 145GR X 24UND,FRITZ,29
FRITZ93,FRITZ SALSA SABOR TOCINETA BOLSA 145GR X 24UND,FRITZ,42
FRITZ95,FRITZ SALSA PARA PASTA ALBAHACA 310GR X 24UND,FRITZ,10
FRITZ96,FRITZ SALSA PARA PASTA NAPOLITANA 310GR X 24UND,FRITZ,18
FRITZ97,FRITZ SALSA PARA PASTA BOLOGNESA 310GR X 24UND,FRITZ,17
FRITZ98,FRITZ SALSA PARA PASTA PIZZA 310GR X 24UND,FRITZ,21
FRITZ99,FRITZ SALSA PARA PASTA AMATRICIANA 310GR X 24UND,FRITZ,8
FVE00034B,COLGATE CREMA DENTAL TRIPLE ACTION 100ML X 72UND,COLGATE,2
FVE00568A,AXION LAVAPLATOS LIQUIDO LIMON 400CM X 12UND,AXION,2
FVE91103,COLGATE CREMA DENTAL MENTA 100ML X 72UND,COLGATE,11
G119,RONCO PASTICHO 250GR X 12UND,RONCO,8
G155,BLANCA FLOR HARINA DE TRIGO LEUDANTE 1KG X 20UND,BLANCA,13
G156,BLANCA FLOR HARINA DE TRIGO TODO USO 1KG X 20UND,BLANCA,6
G160,BLANCA FLOR HARINA DE TRIGO LEUDANTE 500GR X 20UND,BLANCA,3
G161,BLANCA FLOR HARINA DE TRIGO TODO USO 500GR X 20UND,BLANCA,3
G162,EL REY ACEITE VEGETAL 1L X 12UND,EL,16
G164,EL REY ACEITE VEGETAL GALON 18 LTS,EL,2
GARB0005,GRAVENCA GARBANZO 500GR X 20UND,GRAVENCA,1
GEN1081,CAMPESTRE LECHE COMPLETA SOBRE 900GR X 12UND,CAMPESTRE,9
GEN1251,CAMPESTRE LECHE COMPLETA SOBRE 400GR X 24UND,CAMPESTRE,5
GEN1252,REINA DEL CAMPO COMPUESTO LACTEO EN POLVO 400GR X 24UND,REINA DEL,2
GEN1254,REINA DEL CAMPO COMPUESTO LACTEOEN POLVO 200GR X 48UND,REINA DEL,2
GEN13,CAMPESTRE LECHE COMPLETA 125GR X 6 DISP X 8UND,CAMPESTRE,1
GEN62,DALVITO QUESO FUNDIDO 200GR X 12UND,DALVITO,1
GEN644,TWISTIKESO A BASE DE QUESO 200GR X 12UND,TWISTIKESO,1
GP01,PANTERA CARAOTA BLANCA 454GR X 24UND,PANTERA,13
GP02,PANTERA LINAZA ESTUCHE 454GR X 12UND,PANTERA,1
GP03,PANTERA FRIJOL BLANCO 454GR X 24UND,PANTERA,19
GP04,PANTERA FRIJOL BAYO 454GR X 24UND,PANTERA,3
GP05,PANTERA FRIJOL PICO NEGRO 454GR X 24UND,PANTERA,7
GP06,PANTERA FRIJOL VERDE 454GR X 24UND,PANTERA,1
GP10,PANTERA AVENA EN HOJUELAS 200GR X 24UND,PANTERA,30
GP11,PANTERA AVENA EN HOJUELAS 400GR X 24UND,PANTERA,42
GP12,PANTERA AVENA EN HOJUELAS 800GR X 12UND,PANTERA,16
GP19,PANTERA CARAOTA NEGRA 900GR X 24UND,PANTERA,14
GP20,PANTERA CARAOTA ROJA 454GR X 24UND,PANTERA,23
GP22,PANTERA CARAOTA PINTA 500GR X 24UND,PANTERA,3
GP24,PANTERA ARVEJA VERDE PARTIDA 900GR X 24UND,PANTERA,6
GP29,PANTERA LENTEJA 900GR X 24UND,PANTERA,4
GP30,PANTERA LENTEJA BEBE 454GR X 24UND,PANTERA,2
GP31,PANTERA ALPISTE 250GR X 24UND,PANTERA,2
GP34,PANTERA MAIZ P/ COTUFAS 250GR X 24UND,PANTERA,39
GP35,PANTERA MAIZ P/ COTUFAS 500GR X 24UND,PANTERA,34
GP38,PANTERA GARBANZOS 454GR X 24UND,PANTERA,5
GP43,PANTERA ARVEJA VERDE PARTIDA 400GR X 24UND,PANTERA,23
GP44,PANTERA LENTEJA 400GR X 24UND,PANTERA,38
GP45,PANTERA CARAOTA NEGRA 400GR X 24UND,PANTERA,56
GP47,PANTERA HARINA DE AVENA 400GR X 24UND,PANTERA,1
GP50,PANTERA CHIA ESTUCHE 454GR X 12UND,PANTERA,2
GP51,PANTERA CEBADA ESTUCHE 454GR X 12UND,PANTERA,1
GP52,PANTERA QUINOA ESTUCHE 454GR X 12UND,PANTERA,2
HBL900,SANTONI HARINA DE MAIZ BLANCO LADRILLO 900GR X 20UND,SANTONI,3
HBL920,SANTONI HARINA DE MAIZ BLANCO ALMOHADA 900GR X 20UND,SANTONI,4
INA03,INAICA MARIA TUBULAR BOLSA 150GR X 12UND,INAICA,11
INA07,INAICA BUONA CHOCOLATE MULTIPACK 180GR X 24DISP X 5UND,INAICA,1
INA14,INAICA TAKY TUBULAR VAINILLA 192GR X 24UND,INAICA,8
INA15,INAICA TAKYTA VAINILLA 150GR X 24UND,INAICA,1
INA16,INAICA TAKYTA CHOCOLATE 150GR X 24UND,INAICA,5
INA17,INAICA TAKYTA FRESA 150GR X 24UND,INAICA,5
INA18,INAICA TAKY TUBULAR FRESA 192GR X 24UND,INAICA,13
INA19,INAICA MARIA TUBULAR CHOCOLATE BOLSA 150GR X 12UND,INAICA,3
INA20,INAICA TAKYTA VAINILLA 150GR X 12UND,INAICA,10
INA21,INAICA TAKY TUBULAR CHOCOLATE C/ MANTECADO 192GR X 24UND,INAICA,15
INA22,INAICA TAKYTA FRESA 150GR X 12UND,INAICA,7
INA23,INAICA TAKY TUBULAR CHOCOLATE 192GR X 24UND,INAICA,13
INA24,INAICA TAKYTA CHOCOLATE 150GR X 12UND,INAICA,8
INA26,INAICA TAKY CHOCOLATE 90GR X 48UND,INAICA,6
INA27,INAICA TAKY VAINILLA 90GR X 48UND,INAICA,5
JMA,MIMLOT JABON BARRA ALOE VERA 125GR X 72UND,MIMLOT,1
JMA3-P,MIMLOT JABON BARRA ALOE VERA 375GR X 24DISP X 3UND,MIMLOT,1
JMAL3-P,MIMLOT JABON TOCADOR ALMENDRAS 270GR 24 DISP X 3UND,MIMLOT,1
JMF,MIMLOT JABON BARRA FRESA 90GR X 72UND,MIMLOT,1
JMM,MIMLOT JABON BARRA MANZANA 125GR X 72UND,MIMLOT,1
JMP,MIMLOT JABON BARRA PEPINO 90GR X 72UND,MIMLOT,4
JMP3-P,MIMLOT JABON BARRA FRESA 270GR 24 DISP X 3UND,MIMLOT,1
K002,SOFIA SALSA KETCHUP 397GR X12UND,SOFIA,2
LENT0007,GRAVENCA LENTEJAS 400GR X 20UND,GRAVENCA,1
M0001,SOFIA MAYONESA 3.35KG X 4UND,SOFIA,3
M0002,SOFIA MAYONESA 445GR X 12UND,SOFIA,16
M0003,SOFIA MAYONESA 175GR X 24UND,SOFIA,14
M0004,SOFIA MAYONESA 900GR X 6UND,SOFIA,2
MA01,MONTALBAN AZUCAR MORENA 1KG X 10UND,MONTALBAN,3
MA03,MONTALBAN AZUCAR DE CAFETIN 800GR X 20 DISP X 200UND,MONTALBAN,4
MA06,MONTALBAN PAPELON NATURAL EN POLVO 500GR X 20UND,MONTALBAN,2
MA12,KONFIT AZUCAR SACO 50KG,KONFIT,1
MA13,MONTALBAN PAPELON C/ LIMON EN POLVO 500GR X 20UND,MONTALBAN,2
MA14,KONFIT AZUCAR 1KG X 20UND,KONFIT,37
MA29,MONTALBAN DULFIT ENDULZANTE 0 CALORIAS 1GR X 4DISP X 400SOBRES,MONTALBAN,1
MAI0001,MIMO MAIZ DULCE ENTERO LATA 150GR X 24UND,MIMO,1
MX01918A,LADY SPEED STICK DESODORANTE POWDER FRESH ROLL ON 50ML X 12UND,LADY,2
MX04532A,SPEED STICK DESODORANTE STAINGUARD AEROSOL 150ML X 12UND,SPEED,2
MX04536A,SPEED STICK DESODORANTE AEROSOL X5 91GR X 12UND,SPEED,3
MX04554A,LADY SPEED STICK DESODORANTE PRO 5 AEROSOL 91GR X 12UND,LADY,3
MX04726A,"SUAVITEL SUAVIZANTE FRESCA PRIMAVERA 1,3L X 12UND",SUAVITEL,1
MZ02,SOFIA MOSTAZA PREPARADA 1.6KG X 6UND,SOFIA,2
MZ03,SOFIA MOSTAZA PREPARADA 3.35KG X 4UND,SOFIA,7
NAT01,NATULAC LECHE CONDENSADA LATA 397GR X 24UND,NATULAC,1
NAT02,NATULAC LECHE CONDENSADA TUBO 50GR X 6 DISP X 24UND,NATULAC,1
NUT003,SANTONI CREMA DE ARROZ INSTANTANEA 400GR X 12UND,SANTONI,1
NV01,NEVEX CLORO ULTRA LAVANDA 1L X 12UND,NEVEX,3
NV02,NEVEX CLORO ULTRA REGULAR 1L X 12UND,NEVEX,8
NV03,NEVEX CLORO ULTRA BEBE 1L X 12UND,NEVEX,5
NV04,NEVEX CLORO ULTRA LIMON 1L X 12UND,NEVEX,5
NV05,MISTOLIN ROCIO 828ML X 12UND,MISTOLIN,1
NV06,MISTOLIN LAVANDA 828ML X 12UND,MISTOLIN,3
NV07,MISTOLIN FRESCURA FRUTAL 828ML X 12UND,MISTOLIN,2
NV08,MISTOLIN SUAVIDAD ALGODON 828ML X 12UND,MISTOLIN,3
NV09,MISTOLIN ESPIRITU JOVEN 828ML X 12UND,MISTOLIN,2
NV10,MISTOLIN BEBE 828ML X 12UND,MISTOLIN,3
NV11,MISTOLIN LIMON 828ML X 12UND,MISTOLIN,2
NV12,MISTOLIN NARANJA 828ML X 12UND,MISTOLIN,1
NV13,PINESOL REGULAR 828ML X 12UND,PINESOL,1
OL01,PORTUMESA ACEITE DE SOYA 850ML X 12UND,PORTUMESA,2
OPV02,VATEL PRO ACEITE GALON 18 LTS,VATEL,8
P00033,KELLOGS CORN POPS 180GR X 24UND,KELLOGS,4
PER0001,PERCA ACEITE DE OLIVA EXTRA VIRGEN 250ML X 24UND,PERCA,1
PL0051,MIMLOT TOALLAS HUMEDAS CREMA 72HOJAS X 24UND,MIMLOT,2
PL0052,MIMLOT TOALLAS HUMEDAS ALOE VERA 72HOJAS X 24UND,MIMLOT,2
PLAFRU240,SANTONI CEREAL PLANET FRUIT 240GR X 12UND,SANTONI,2
PN184NB,PARAGUANA ATUN AL NATURAL184GR X 12UND,PARAGUANA,1
POL186,LAS LLAVES JABON EXTLIMPIEZA 250GR X 36UND,LAS,3
POL275,LAS LLAVES JABON FRESH BEBE 160GR X 48UND,LAS,13
POL376,LAS LLAVES JABON EXTLIMPIEZA 200GR X 44UND,LAS,14
POL383,MULTICLEAN DETERGENTE EN POLVO FRAGANCIA CITRICA 400GR X 30UND,MULTICLEAN,1
POL384,MULTICLEAN DETERGENTE EN POLVO FRAGANCIA CITRICA 5KG X 4UND,MULTICLEAN,1
POL498,RIKESA QUESO ORIGINAL SQUEEZE 330GR X 18UND,RIKESA,1
POLD362,MARGARITA ATUN EN ACEITE VEGETAL 140GR X 35UND,MARGARITA,1
POLH187,PAN HARINA MAIZ LIBRE DE GLUTEN 1KG X 20UND,PAN,1
POLT086,MAVESA MARGARINA 500GR X 12UND,MAVESA,6
POLT499,RIKESA QUESO ORIGINAL ENRIQ 200GR X 18UND,RIKESA,1
POLT500,RIKESA QUESO ORIGINAL ENRIQ 300GR X 12UND,RIKESA,3
POLT568,TODDY BOLSA 100GR X 36UND,TODDY,2
POLT595,MAVESA MARGARINA 250GR X 24UND,MAVESA,1
PP02,LA PAMPA MARIA DULCE TUBULAR 150GR X 10UND,LA,9
PP08,LA PAMPA GALLETA BABO LECHE VAINILLA ORIGINAL 85GR X 48UND,LA,5
PP09,LA PAMPA GALLETA BABO CHOCO CHOCOLATE 85GR X 48UND,LA,7
PP10,LA PAMPA GALLETA BABO CHOCO VAINILLA ORIGINAL 85GR X 48UND,LA,7
PP11,LA PAMPA GALLETA BABO LECHE FRESA 85GR X 48UND,LA,5
PP12,LA PAMPA GALLETA BABO LECHE CHOCO 85GR X 48UND,LA,4
PP13,LA PAMPA GALLETA BABO LECHE COCO 85GR X 48UND,LA,6
PP16,LA PAMPA GALLETA BABO CHOCO CHOCOLATE 125GR X 48UND,LA,5
PP17,LA PAMPA GALLETA BABO CHOCO VAINILLA 125GR X 48UND,LA,2
PP21,LA PAMPA GALLETA BABO CHOCO FRESA 125GR X 48UND,LA,1
PP22,LA PAMPA GALLETA BABO LECHE CHOCO 125GR X 48UND,LA,1
PP23,LA PAMPA GALLETA COCO CRUNCH 250GR X 40UND,LA,9
PP24,LA PAMPA GALLETAS ABC COOKIES 100GR X 48UND,LA,1
PP25,LA PAMPA GALLETAS CUENTA COOKIES 100GR X 48UND,LA,2
PP26,LA PAMPA GALLETA COOKIES DULCE 250GR X 40UND,LA,2
PP27,LA PAMPA GALLETA DEDOS COOKIES 110GR X 48UND,LA,1
PP28,LA PAMPA GALLETA MINI WORLD 120GR X 48UND,LA,1
PP29,LA PAMPA GALLETA SODA ORIGINAL 240GR X 12UND,LA,4
PP31,LA PAMPA ACEITE SOYA 500ML X 12UND,LA,3
PP34,LA PAMPA GALLETA CHOCO CRUNCH 250GR X 40UND,LA,2
PP35,LA PAMPA ACEITE SOYA 700ML X 12UND,LA,1
PP36,LA PAMPA ACEITE SOYA 850ML X 12UND,LA,1
PP37,LA PAMPA MARIA DULCE TUBULAR 100GR X 12UND,LA,1
PP40,LA PAMPA GALLETA MARIMAX CHOCOLATE C/CREMA DE CHOCOLATE 120GR X 12UND,LA,1
PP46,LA PAMPA GALLETA WAFFLES FRESA 90GR X 36UND,LA,1
PP55,LA PAMPA HARINA DE TRIGO LEUDANTE 900GR X 10UND,LA,1
PR01,PRINGLES ORIGINAL 158GR X 14UND,PRINGLES,29
PR02,PRINGLES CHEDDAR 158GR X 14UND,PRINGLES,34
PR03,PRINGLES CREMA C/ CEBOLLA 158GR X 14UND,PRINGLES,25
PR05,PRINGLES BBQ 158GR X 14UND,PRINGLES,19
PR06,PRINGLES PIZZA 158GR X 14UND,PRINGLES,11
PR08,PRINGLES CHEDDAR SOUR CREAM 158GR X 14UND,PRINGLES,9
PR09,PRINGLES ORIGINAL 37GR X 12UND,PRINGLES,50
PR10,PRINGLES CHEDDAR 40GR X 12UND,PRINGLES,26
PR11,PRINGLES CEBOLLA 40GR X 12UND,PRINGLES,47
PR12,PRINGLES BBQ 40GR X 12UND,PRINGLES,21
PR13,PRINGLES RANCH 158GR X 14UND,PRINGLES,11
PR26,PRINGLES HONEY MUSTARD 158GR X 14UND,PRINGLES,1
PR33,PRINGLES CEBOLLA 124GR X 14UND,PRINGLES,17
PR34,PRINGLES ORIGINAL 124GR X 14UND,PRINGLES,12
PR35,PRINGLES CHEDDAR 124GR X 14UND,PRINGLES,11
PT0024,VALLE HONDO FORORO 250GR X 30UND,VALLE,42
PT0027,VALLE HONDO FORORO 400GR X 24UND,VALLE,30
PT0028,VALLE HONDO FORORO 800GR X 12UND,VALLE,14
PT0031,VALLE HONDO LECHE COMPLETA 360GR X 12UND,VALLE,2
PTAVS01,VATEL ACEITE SOYA 500ML X 24UND,VATEL,25
PTAVS02,VATEL ACEITE SOYA 250ML X 24UND,VATEL,12
PTPRO07,RONCO PASTA RIGATON 500GR X 24UND,RONCO,11
PTPRO10,RONCO PASTA CODO 500GR X 24UND,RONCO,9
PTPRO21,RONCO PASTA PLUMA 500GR X 24UND,RONCO,6
PTPRO25,RONCO PASTA VERMICELLI 1KG X 12UND,RONCO,7
PTPRO26,RONCO PASTA PLUMA 1KG X 10UND,RONCO,8
PTPRO33,RONCO PASTA LINGUINI 1KG X 12UND,RONCO,7
PTPRO34,RONCO PASTA DEDAL 1KG X 10UND,RONCO,8
PTPRO36,RONCO PASTA TORNILLO 1KG X 10UND,RONCO,8
PTPRO47,RONCO PASTA VERMICELLI VIT 500GR X 24UND,RONCO,1
PUIG01,PUIG MARILU CHOCOLATE TUBO 216GR X 24UND,PUIG,6
PUIG02,PUIG MARILU VAINILLA TUBO 216GR X 24UND,PUIG,1
PUIG03,PUIG COOKYS CHIPS BOLSA 200GR X 16UND,PUIG,2
PUIG04,PUIG SODA EL SOL 240GR X 24DISP X 10UND,PUIG,1
PUIG05,PUIG MARIA SELECTA 250G X 24UND,PUIG,4
PUIG07,PUIG SODA EL SOL 240GR X 12DISP X 10UND,PUIG,7
PUIG08,PUIG MARILU FRESA TUBO 216GR X 24UND,PUIG,3
PUIG09,PUIG MINI MARIA BOLSA 200GR X 16UND,PUIG,1
PUIG11,PUIG KATY VAINILLA 128GR X 20UND,PUIG,1
PUIG16,PUIG MARIA DELICIAS FAM 272GR X 20UND,PUIG,1
PUIG17,PUIG KATY DISP 768GR X 6DISP X 24UND,PUIG,1
PUIG21,PUIG MARIA DELICIAS FAM 136GR X 20UND,PUIG,1
PUIG23,PUIG MARILU CHOCO-VAINILLA TUBO 216GR X 24UND,PUIG,3
PUIG25,PUIG MINI MARILU VAINILLA 100GR X 24UND,PUIG,4
PUIG26,PUIG MINI MARILU CHOCOLATE 100GR X 24UND,PUIG,7
PUIG30,PUIG MINI BROWNIE GALLETAS DE CHOCOLATE 175GR X 16UND,PUIG,2
PUIG41,PUIG MARIA SELECTA 250GR X 30UND,PUIG,1
PUIG42,PUIG GALLETAS SALTINES 250GR X 24DISP X 10UND,PUIG,1
PUIG43,PUIG MARIA EXTRA FINA 235GR X 24PAQ,PUIG,1
PUIG48,PUIG MINI MARIA LONCHERA 180GR X 16 BOLSAS X 6UND,PUIG,1
PUIG53,PUIG MARIA SELECTA 250G X 36UND,PUIG,3
PV012010,PAVECA TOALLIN ROSAL BLANCO ROLLO 20ROLLOS X 80HOJAS,PAVECA,12
PV101225,PAVECA PAPEL ROSAL VINOTINTO 300HOJAS 12PAQ X 4ROLLOS,PAVECA,9
PV101330,PAVECA PAPEL ROSAL 400HOJAS 12PAQ X 4ROLLOS,PAVECA,29
PV101610,PAVECA PAPEL ROSAL PLUS 600 HOJAS 12PAQ X 4ROLLOS,PAVECA,16
PV102014,PAVECA PAPEL ROSAL PLUS 215 HOJAS 12PAQ X 4ROLLOS,PAVECA,30
PV102040,PAVECA PAPEL ROSAL PLUS 215HOJAS 24PAQ X 2ROLLOS,PAVECA,14
PV102050,PAVECA PAPEL ROSAL 300HOJAS 24PAQ X 2ROLLOS,PAVECA,8
PV105354,PAVECA TOALLIN ROLLO 24UND X 50HOJAS,PAVECA,10
PV184NB,PARAGUNA ATUN EN ACEITE VEGETAL 184 X 12UND,PARAGUNA,3
PV200114,PAVECA SERVILLETA Z PEQUEÑA 20PAQ X 160UND,PAVECA,24
RF1230,"FREEGELLS CARAMELO EXTRA STRONG 334,80GR X 36DISP X 12UND",FREEGELLS,6
RF1231,"FREEGELLS CARAMELO MENTA MENTHOL 334,80GR X 36DISP X 12UND",FREEGELLS,2
RF1232,"FREEGELLS CARAMELO FRESA 334,80GR X 36DISP X 12UND",FREEGELLS,4
RF1233,"FREEGELLS CARAMELO CEREZA 334,80GR X 36DISP X12UND",FREEGELLS,3
RF1235,"FREEGELLS CARAMELO VIT. C 334,80GR X 36DISP X 12UND",FREEGELLS,3
RH017,ROBERTI AROMATIZANTE BEBE 1L X 12UND,ROBERTI,1
RH027,ROBERTI AROMATIZANTE FRESA 1L X 12UND,ROBERTI,2
RH032,ROBERTI AROMATIZANTE LAVANDA 1L X 12UND,ROBERTI,3
RH042,ROBERTI AROMATIZANTE MANZANA 1L X 12UND,ROBERTI,1
RH047,ROBERTI BLANQUEADOR JABONOSO NATURAL 1L X 12UND,ROBERTI,1
RH062,ROBERTI CERA AUTOBRILLANTE BLANCA 1LT X 12UND,ROBERTI,1
RH100,ROBERTI BLANQUEADOR NATURAL 1L X 12UND,ROBERTI,2
RH130,ROBERTI AROMATIZANTE CHERRY 1L X 12UND,ROBERTI,1
RH136,ROBERTI AROMATIZANTE CITRONELA 1L X 12UND,ROBERTI,1
RO003,ROBERTI TOBO PLASTICO 10LTS X 12UND,ROBERTI,2
RO015,ROBERTI MOPA INDUSTRIAL #32 X 12UND,ROBERTI,1
RO016,ROBERTI MOPA INDUSTRIAL #36 X 12UND,ROBERTI,1
RO020,ROBERTI MOPA PABILO N°42 X 12UND,ROBERTI,1
RO022,ROBERTI PAÑOS AMARILLOS GRANDES X 12UND,ROBERTI,4
RO039,ROBERTI BOLSA PARA BASURA 150 LTS X 8PAQ X 25UND,ROBERTI,1
RO040,ROBERTI BOLSA P/ BASURA 15LTS X 10 DISP X 50UND,ROBERTI,1
RO055,ROBERTI PRACTIBOLSAS 30LT X 12DISP X 10UND,ROBERTI,1
ROCCHO120,SANTONI CEREAL ROCKET CHOCOLATE 120GR X 20UND,SANTONI,2
ROCDLE120,SANTONI CEREAL ROCKET DULCE DE LECHE 120GR X 20UND,SANTONI,2
ROCDLE220,SANTONI CEREAL ROCKET DULCE DE LECHE 220GR X 12UND,SANTONI,1
SA01,SECRETOS DE LA ABUELA ATUN EN ACEITE VEGETAL 170GR X 48UND,SECRETOS DE,1
SA02,SECRETOS DE LA ABUELA ATUN EN AGUA 170GR X 48UND,SECRETOS DE,5
SA03,SECRETOS DE LA ABUELA MERMELADA DE DURAZNO 250GR X 12UND,SECRETOS DE,2
SA04,SECRETOS DE LA ABUELA MERMELADA DE GUAYABA 250GR X 12UND,SECRETOS DE,2
SA05,SECRETOS DE LA ABUELA MERMELADA DE FRESA 250GR X 12UND,SECRETOS DE,2
SA06,SECRETOS DE LA ABUELA MERMELADA DE PIÑA 250GR X 12UND,SECRETOS DE,1
SA07,SECRETOS DE LA ABUELA MERMELADA DE MELOCOTON C/RON 250GR X 12UND,SECRETOS DE,1
SC03,SUPER CLEAN ESPONJA X 50UND,SUPER,1
SM01,EL MORRO SARDINA EN SALSA DE TOMATE 170GR X 18UND,EL,16
SPACHO240,SANTONI CEREAL SPACE POP CHOCOLATE 240GR X 12UND,SANTONI,5
SPP001,OSOLE SALSA P/ PASTAS MEDITERRANEA POUCH 340GR X 24UND,OSOLE,1
SPP011,OSOLE SALSA P/ PASTAS C/ ALBAHACA POUCH 340GR X 24UND,OSOLE,1
SPV125NB,PARAGUANA SARDINA EN ACEITE VEGETAL 125GR X 12UND,PARAGUANA,1
ST2961,ST MORITZ FLAQUITO CHOCOLATE 30GR X 12DISP X 12UND,ST,3
ST2965,ST MORITZ FLAQUITO MINI BOLSA 150GR X 12 DISP X 15UND,ST,1
ST3120,ST MORITZ FLAQUITO NEVADO CHOCO BLANCO 30GR X 24 DISP X 4UND,ST,1
SU0008,BIANCHI CARAMELO RELLENO DE CHOCOLATE 400GR X 18PAQ X 100UND,BIANCHI,18
SU0010,SUPER CHAO MENTAS FRESA 350GR X 24PAQ X 100UND,SUPER,18
SU0013,SUPER CARAMELO CAFE GOURMET 275GR X 36PAQ X 50UND,SUPER,24
SU0025,BIANCHI CARAMELO MANI CHOCOLORES 50GR X 24PAQ,BIANCHI,8
SU0029,SUPER CHAO MENTAS SANDIA 350GR X 24PAQ X 100UND,SUPER,5
SU0035,TRULULU CARAMELOS SABORES 70GR X 24UND,TRULULU,10
SU009,SUPER CHAO MENTAS TRADICIONAL 350GR X 24PAQ X 100UND,SUPER,31
SU0101,BIANCHI CARAMELO NUGGETS COOKIES & CREAM 48GR X 24PAQ,BIANCHI,7
SU0108,TRULULU SURTIDOS (GUS-NEON-SAB-AROS-CASQ-FRES-LENG) 70GR X 24UND,TRULULU,15
SUP0009,BIANCHI BARRA DE CHOCOLATE BLANCO RELLENO C/ MANI 25GR X 12 DISP X 12UND,BIANCHI,35
SUP001,LOKIÑO CARAMELO MASTICABLE BARRA 400GR X 18PAQ X 50UND,LOKINO,1
SUP002,RICATO CARAMELO MASTICABLE DULCE DE LECHE 375GR X 18PAQ X 50UND,RICATO,23
SUP003,LOKIÑO CARAMELO MASTICABLE BOLSA 400GR X 24PAQ X 100UND,LOKINO,23
SUP0043,BIANCHI BARRA DE CHOCOLATE RELLENO C/ MANI 25GR X 12 DISP X 12UND,BIANCHI,17
SUP005,SUPER CARAMELOS MENTA HELADA 24PAQ X 100UND,SUPER,29
SUP006,BIANCHI CARAMELO RELLENO DE CHOCOLATE BLANCO 400GR X 18PAQ X 100UND,BIANCHI,7
SUP028,SUPER CHAO MENTA TRADICIONAL LINEA 14GR X 12 DISP X 24UND,SUPER,3
SUP029,SUPER CHAO MENTA FRESA LINEA 14GR X 12 DISP X 24UND,SUPER,6
SUP034,SUPER CHAO MENTAS LIMON 350GR X 24PAQ X 100UND,SUPER,12
SUP036,SUPER CHAO XTREME MENTA EUCALYPTO 350GR X 24PAQ X 100UND,SUPER,1
SUP037,SUPER CHAO XTREME MENTA CEREZA 350GR X 24PAQ X 100UND,SUPER,1
SUP038,SUPER CHAO XTREME MENTA MORA 350GR X 24PAQ X 100UND,SUPER,3
SUP039,SUPER CHAO XTREME MENTA ORIGINAL 350GR X 24PAQ X 100UND,SUPER,1
SUP043,TRULULU GOMITAS GUSANOS DULCES 70GR X 24UND,TRULULU,12
SUP044,TRULULU GOMITA FEROZ 70GR X 24UND,TRULULU,4
SUP046,TRULULU GOMITAS SANDIA 70GR X 24UND,TRULULU,4
SUP047,TRULULU GOMITAS FRESITAS 70GR X 24UND,TRULULU,22
SUP048,TRULULU GOMITAS AROS 70GR X 24UND,TRULULU,18
SUP049,TRULULU GOMITAS AROS 600GR X 18BOLSAS X 100UND,TRULULU,5
SUP050,TRULULU GOMITAS AROS 300GR X 36BOLSAS X 50UND,TRULULU,14
SUP052,TRULULU GOMITAS CASQUITO VITAMINA 70GR X 24UND,TRULULU,6
SUP055,BIANCHI BARRA DE DOBLE CHOCOLATE 22GR X 12 DISP X 12UND,BIANCHI,26
SUP058,SUPER CARAMELOS MENTA HELADA FRUTAL 24PAQ X 100UND,SUPER,2
SUP073,TRULULUGOMITAS GUSANOS ACIDOS 70GR X 24UND,TRULULUGOMITAS,18
TCE003,TIGO AVENA TRADICIONAL EN HOJUELAS 200GR X 30UND,TIGO,5
TCE020,TIGO CEREAL HOJUELAS TIGO FLAKES 300GR X 12UND,TIGO,1
TCO033,TIGO GALLETA TARTALETA CHOCOLATE 140GR X 36UND,TIGO,2
TCO034,TIGO GALLETA TARTALETA FRESA 140GR X 36UND,TIGO,1
TCO035,TIGO GALLETA TARTALETA CHOCO-VAINILLA 140GR X 36UND,TIGO,2
TCO036,TIGO GALLETA TARTALETA PARCHITA 140GR X 36UND,TIGO,2
TCO045,TIGO GALLETA COOKIES CHOCOLATE C/ CHISPAS DE CHOCOLATE 80GR X 42UND,TIGO,1
TCO128,TIGO CHICLE BUBY BOMBA ACIDO 16.6GR X 18DISP X 18UND,TIGO,1
TCO176,TIGO CRUNCHILATE 20GR X 18 DISP X 12UND,TIGO,1
TCO226,TIGO FLUFY MARSHMALLOW SABOR VAINILLA 50GR X 24UND,TIGO,1
TCO227,TIGO FLUFY MARSHMALLOW COLORIDO 50GR X 24UND,TIGO,3
TCO228,TIGO FLUFY MARSHMALLOW GUARDIANES 50GR X 24UND,TIGO,1
TCO229,TIGO FLUFY MARSHMALLOW DINOS 50GR X 24UND,TIGO,1
TCO230,TIGO FLUFY MARSHMALLOW PRINCESA 50GR X 24UND,TIGO,1
TCO238,TIGO TRUFY CARAMELO MASTICABLE SURTIDO (PIÑA-BANA-FRES-FRAM) 300GR X 10BOLSAS,TIGO,1
TCO239,TIGO TRUFY CARAMELO MASTICABLE YOGURT FRESA 300GR X 10BOLSAS,TIGO,1
TCO240,TIGO TRUFY CARAMELO MASTICABLE SABOR CARAMELO 300GR X 10BOLSAS,TIGO,1
TCO243,TIGO TRUFY CARAMELO MASTICABLE SURTIDO (FRES-NAR-LIM) 300GR X 10BOLSAS,TIGO,1
TCO254,TIGO TRUFY CARAMELO DURO SABOR A CAFE 300GR X 10BOLSAS,TIGO,1
TCO257,TIGO TRUFY CARAMELO DURO SABOR CAFE C/LECHE 60GR X 44 BOLSAS,TIGO,1
TDO02,TRIGO DE ORO PASTELITO DE HOJALDRE MANZANA 100GR X 24DISP X 4UND,TRIGO DE,2
TDO08,TRIGO DE ORO FRUTICAS MULTIPACK 150GR X 30UND,TRIGO DE,1
TDO10,TRIGO DE ORO PONQUECITOS 140GR X 18DISP X 6UND,TRIGO DE,27
TDO11,TRIGO DE ORO PUNTO ROJO MULTIPACK 150GR X 30UND,TRIGO DE,3
TDO12,TRIGO DE ORO CHOCOLATE MULTIPACK 150GR X 30UND,TRIGO DE,3
TDO13,TRIGO DE ORO COCADITAS 150GR X 24UND,TRIGO DE,2
TDO14,TRIGO DE ORO CHOCOLATE CHISPAS 150GR X 24UND,TRIGO DE,3
TDO16,TRIGO DE ORO PUNTO ROJO 90GR X 30UND,TRIGO DE,2
TDO24,TRIGO DE ORO PONQUECITOS CON GOTAS DE CHOCOLATE 140GR X 18 DISP X 6UND,TRIGO DE,15
TDO25,TRIGO DE ORO PASTELITO DE HOJALDRE FRESA 100GR X 24DISP X 4UND,TRIGO DE,3
TDO26,TRIGO DE ORO PASTELITO DE HOJALDRE GUAYABA 100GR X 24DISP X 4UND,TRIGO DE,2
TDO27,TRIGO DE ORO PUNTO ROJO MULTIPACK 15GR X 30DISP X 12UND,TRIGO DE,3
TDO28,TRIGO DE ORO CHOCOLATE 90GR X 30UND,TRIGO DE,6
TDO29,TRIGO DE ORO PASTELITO DE HOJALDRE PIÑA 100GR X 24DISP X 4UND,TRIGO DE,2
TDO38,TRIGO DE ORO PASTELITO MULTIPACK FRESA 20GR X 30DISP X 8UND,TRIGO DE,1
TDO40,TRIGO DE ORO PALMERITAS 15GR X 9 DISP X 24UND,TRIGO DE,3
TDO44,TRIGO DE ORO MARIA 90GR X 12UND,TRIGO DE,3
TDO45,TRIGO DE ORO GALLETA ANIMALITO 300GR X 18UND,TRIGO DE,1
TDO47,TRIGO DE ORO POLVOROSA CHOCOLATE 10GR X 18DISP X 24UND,TRIGO DE,5
TDO59,TRIGO DE ORO PALMERITAS 120GR X 24DISP X 6UND,TRIGO DE,11
TDO60,TRIGO DE ORO PUNTO ROJO 10GR X 18BOLSAS X 24UND,TRIGO DE,3
TDO61,TRIGO DE ORO GALLETA MINI WAFER CHOCOLATE 90GR X 30UND,TRIGO DE,2
TDO63,TRIGO DE ORO MINI MARIA CHOCOLATE 250GR X 24UND,TRIGO DE,1
TDO64,TRIGO DE ORO ROSQUITAS DE COCO 250GR X 24UND,TRIGO DE,1
TDO68,TRIGO DE ORO FRUTICAS MULTIPACK 15GR X 30DISP X 6UND,TRIGO DE,1
TDO69,TRIGO DE ORO PANQUE VAINILLA 180GR X 24DISP X 3UND,TRIGO DE,5
TDO70,TRIGO DE ORO PANQUE VAINILLA C/ CHOCOLATE 180GR X 24DISP X 3UND,TRIGO DE,6
TDO71,TRIGO DE ORO COCADITA MULTIPACK 15GR X 30DISP X 6UND,TRIGO DE,1
TDO74,TRIGO DE ORO POLVOROSAS FUDGE 10GR X 18BOLSAS X 24UND,TRIGO DE,4
TDO75,TRIGO DE ORO GALLETA MINI WAFER VAINILLA 90GR X 30UND,TRIGO DE,2
TDO76,TRIGO DE ORO CHOCOFUDGE MULTIPACK 150GR X 30UND,TRIGO DE,2
TDO77,TRIGO DE ORO ROSQUITAS DE MANTEQUILLA 90GR X 30UND,TRIGO DE,1
TDO78,TRIGO DE ORO CHOCO CHIPS MULTIPACK 24GR X 30DISP X 6UND,TRIGO DE,5
TEN006,TIGO PASTA DE TOMATE LATA 350GR X 24UND,TIGO,5
TEN011,TIGO GUISANTES LATA 300GR X 24UND,TIGO,2
TEN031,TIGO CHAMPIÑONES REBANADOS LATA 425GR X 24UND,TIGO,3
TEN034,TIGO TOMATE PELADO LATA 400GR X 24UND,TIGO,3
TEN040,TIGO ATUN LOMO PREMIUM EN ACEITE DE GIRASOL 160GR X 24UND,TIGO,8
TEN041,TIGO ATUN LOMO PREMIUM EN AGUA LATA 160GR X 24UND,TIGO,5
TEN042,TIGO ATUN LOMO PREMIUM ENSALADA PRIMAVERA LATA 170GR X 24UND,TIGO,3
TEN043,TIGO ATUN TROZOS EN ACEITE 80GR X 24UND,TIGO,5
TEN044,TIGO ATUN TROZOS EN ACEITE 160GR X 24UND,TIGO,6
TEN045,TIGO ATUN TROZOS EN AGUA LATA 160GR X 24UND,TIGO,2
TEN046,TIGO ATUN TROZOS EN AGUA 80GR X 24UND,TIGO,1
TEN051,TIGO SARDINAS EN SALSA DE TOMATE 170GR X 24UND,TIGO,1
TEN052,TIGO SARDINAS EN ACEITE VEGETAL 170GR X 24UND,TIGO,1
THA002,TIGO MAIZENA EN POLVO 200GR X 12UND,TIGO,1
TLA003,TIGO BEBIDA ACHOCOLATADA 200GR X 24UND,TIGO,5
TLA006,TIGO CREMA DE LECHE 200ML X 27UND,TIGO,6
TLA007,TIGO CHOCOKIDS 200ML X 24UND,TIGO,1
TLA010,TIGO BEBIDA ACHOCOLATADA 100GR X 34UND,TIGO,7
TML001,TIGO MEZCLA P/CHICHA DE ARROZ INST 200GR X 24UND,TIGO,2
TML002,TIGO MEZCLA P/CHICHA DE ARROZ INST 400GR X 12UND,TIGO,1
TPO011,TIGO GELATINA SABOR TUTI FRUTTI 30GR X 36UND,TIGO,4
TPO014,TIGO PUDIN CHOCOLATE 50GR X 36UND,TIGO,1
TPO015,TIGO PUDIN VAINILLA 50GR X 36UND,TIGO,1
TPO022,TIGO GELATINA SABOR A PARCHITA 30GR X 36UND,TIGO,1
TPO024,TIGO GELATINA SABOR A DURAZNO 30GR X 36UND,TIGO,1
TPO026,TIGO GELATINA SIN SABOR 24GR X 36UND,TIGO,2
TPO030,TIGO CACAO AL 32% + CHOCOLATE REPOSTERO 200GR X 12UND,TIGO,1
TPO034,TIGO PUDIN FRESA 50GR X 36UND,TIGO,2
TPO035,TIGO PUDIN CARAMELO 50GR X 36UND,TIGO,1
TPO036,TIGO PUDIN COCO 50GR X 36UND,TIGO,3
TPO042,TIGO GELATINA ZERO SABOR FRESA 12GR X 36UND,TIGO,2
TPO046,TIGO GELATINA ZERO SABOR A PIÑA 12GR X 36UND,TIGO,1
TPO050,TIGO CREMA CHANTILLY PROFESIONAL UHT 1L X 12UND,TIGO,2
TPO051,TIGO CREMA CHANTILLY TRADICIONAL UHT 1L X 12UND,TIGO,2
TRE003,TIGO LECHE CONDENSADA LATA 395GR X 24UND,TIGO,11
TRE004,TIGO LECHE CONDENSADA UHT 395GR X 27UND,TIGO,10
TRE006,TIGO AREQUIPE 250GR X 24UND,TIGO,3
TRE008,TIGO AREQUIPE 500GR X 12UND,TIGO,4
TRE013,CHOCOTIGO CHOCOLATE UNTABLE C/ AVELLANA 200GR X 12UND,CHOCOTIGO,6
TSA001,TIGO MAYONESA 250GR X 12UND,TIGO,1
TSA037,TIGO SALSA DE SOYA PET 160ML X 24UND,TIGO,2
TSN012,TIGO PAPA CHIPS SABOR A QUESO 70GR X 24UND,TIGO,6
TSN013,TIGO PAPA CHIPS SABOR A QUESO 110GR X 24UND,TIGO,3
TSN014,TIGO PAPA CHIPS SABOR A CREMA AGRIA Y CEBOLLA 70GR X 24UND,TIGO,3
TSN015,TIGO PAPA CHIPS SABOR A CREMA AGRIA Y CEBOLLA 110GR X 24UND,TIGO,1
TSN016,TIGO PAPAS CHIPS SABORA BBQ 70GR X 24UND,TIGO,2
TSN018,TIGO PAPAS CHIPS SABOR ORIGINAL 70GR X 24UND,TIGO,9
TSN019,TIGO PAPAS CHIPS SABOR ORIGINAL 110GR X 24UND,TIGO,1
TSN022,TIGO PAPAS CHIPS SABOR PIZZA 70GR X 24UND,TIGO,1
TSN023,TIGO PAPAS CHIPS SABOR PIZZA 110GR X 24UND,TIGO,1
US00543A,LADY SPEED STICK DESODORANTE CLINICAL COMPLETE ANTIBACTERIAL BARRA 45GR X 12UND,LADY,1
US03669A,LADY SPEED STICK DESODORANTE OMEGA 3 BARRA 45GR X 12UND,LADY,2
UW01,UNDERWOOD DIABLITO LATA 115GR X 12UND,UNDERWOOD,29
UW02,UNDERWOOD DIABLITO LATA 115GR X 24UND,UNDERWOOD,16
UW03,UNDERWOOD DIABLITO LATA 54GR X 48UND,UNDERWOOD,7
UW04,UNDERWOOD DIABLITO LATA 54GR X 24UND,UNDERWOOD,27
UW05,UNDERWOOD DIABLITO ALUMINIO 50GR X 4 DISP X 12UND,UNDERWOOD,11
UW06,UNDERWOOD DIABLITO ALUMINIO 100GR X 2 DISP X 12UND,UNDERWOOD,11
UW07,UNDERWOOD RICO JAM 54GR X 24UND,UNDERWOOD,5
UW08,UNDERWOOD RICO JAM 54GR X 48UND,UNDERWOOD,15
UW09,UNDERWOOD RICO JAM 115GR X 12UND,UNDERWOOD,3
UW10,UNDERWOOD RICO JAM 115GR X 24UND,UNDERWOOD,2
UW15,UNDERWOOD SALSA BOLOGNESA 490GR X 12UND,UNDERWOOD,2
UW16,UNDERWOOD SALSA BOLOGNESA 190GR X 24UND,UNDERWOOD,1
UW28,UNDERWOOD DIABLITOS ALUMINIO 50GR X 16DISP X 3UND,UNDERWOOD,1
UW29,UNDERWOOD DIABLISABORES JAMON ENDIABLADO MIX D/ESP 115GR X 24UND,UNDERWOOD,1
UW33,FRESCARINI PASSATA DE TOMATE 490GR X 12UND,FRESCARINI,1
UW36,LA MONSERRATINA SALSA BBQ 370GR X 12UND,LA,3
V002,SOFIA VINAGRE 1LT X 12UND,SOFIA,2
V007,SOFIA VINAGRE 500ML X 12UND,SOFIA,2
VDP00100,DON PEDRO SALSA PICANTE PET 150CC X 12UND,DON,4
VDP00104,DON PEDRO SALSA PICANTE 150CC X 12UND,DON,38
VDP00105,DON PEDRO SALSA PICANTE 300CC X 12UND,DON,9
VDP00108,DON PEDRO SALSA PICANTE BRAVO 150CC X 12UND,DON,8
VDP00109,DON PEDRO SALSA PICANTE SRIRACHA 250CC X 12UND,DON,15
VDP00601,DON PEDRO MOSTAZA 192GR X 24UND,DON,18
VDP00602,DON PEDRO MOSTAZA FLEX 250GR X 24UND,DON,14
VDP00603,DON PEDRO MOSTAZA 500GR X 12UND,DON,2
VDP00606,"DON PEDRO MOSTAZA GALON 3,7KG X 2UND",DON,1
VE00426B,SUAVITEL SUAVIZANTE FRESCA PRIMAVERA 1L X 12UND,SUAVITEL,11
VE00550A,COLGATE CREMA DENTAL TRIPLE ACTION 150ML X 72UND,COLGATE,2
VE00590A,VEL ROSITA DETERGENTE 1L X 12UND,VEL,1
VE00596A,SUAVITEL SUAVIZANTE 500ML X 24UND,SUAVITEL,29
VE00597A,COLGATE GEL DENTAL PLAX 100ML X 72UND,COLGATE,3
VE00602A,AJAX LIMPIADOR DESINFECTANTE 1L X 12UND,AJAX,6
VE00603A,AJAX LIMPIADOR DESINFECTANTE 500ML X 24UND,AJAX,12
VN00025A,COLGATE CEPILLO DENTAL PREMIER RISTRA 12PZA X 12UND,COLGATE,4
XP01,"XPAÑOLA MAYONESA BOLSA 3,35KG X 4UND",XPANOLA,2
XP02,"XPAÑOLA SALSA TOMATE PREMIUM (KETCHUP) BOLSA 3,75KG X 4UND",XPANOLA,2
XP03,XPAÑOLA SALSA A BASE DE TOMATE BOLSA 4KG X 4UND,XPANOLA,2
XP05,XPAÑOLA MOSTAZA BOLSA 4KG X 4UND,XPANOLA,3
XP10,XPAÑOLA PAPAS FRITAS MAX KRONCHS 1KG X 25UND,XPANOLA,1
YLV01,MI PEQUEÑA YOHA LAVAPLATOS LIQUIDO LIMON 900ML X 12UND,MI,5
ZPT017,DISCA CARAMELO DURO SABOR A FRESA 232GR 50 PAQ X 70 UND,DISCA,2
ZPT018,DISCA CARAMELO DURO SABOR A JENGIBRE 232GR 50PAQ X 70UND,DISCA,7
ZPT019,DISCA CHUPETA SABOR A FRUTAS 50 PAQ X 24UND,DISCA,1
ZPT021,DISCA CHUPETA SABOR A FRESA 50PAQ X 24UND,DISCA,1
ZPT022,DISCA CARAMELO DURO SABOR A MENTA 350GR 40PAQ X 100UND,DISCA,1
ZPT024,DISCA CARAMELO DURO SABOR A FRUTAS 170GR 50 PAQ X 70 UND,DISCA,2
ZPT027,DISCA BOLON CARAMELO DURO SABOR A LIMON - MANZANA 200GR 40 PAQ X 100UND,DISCA,1
ZPT029,DISCA BOLON CARAMELO DURO SABOR A CHOCOLATE 200GR 40 PAQ X 100UND,DISCA,1
ZPT051,DISCA LLUVIA SABORES SURTIDOS 1KG X 10UND,DISCA,2
ZPT052,DISCA LLUVIA SABOR A CHOCOLATE 1KG X 10UND,DISCA,1
